COUNTY_MUNI_CODE,Latitude,Longitude
US16001,43.45193221307878,-116.241309184167
US16003,44.89074931102318,-116.454060815817
US16005,42.66960215757219,-112.2250087992771
US16007,42.28540694645848,-111.3298119151474
US16009,47.21782741225152,-116.6586579545454
US16011,43.21712683684637,-112.3981316326176
US16013,43.41410845826087,-113.9820568207291
US16015,43.9898401303869,-115.7299642921919
US16017,48.30135724520974,-116.6014172159705
US16019,43.38842367095376,-111.615334499797
US16021,48.76753504228495,-116.4630446358147
US16023,43.72439896021996,-113.1719238234716
US16025,43.46409161069481,-114.8059144901774
US16027,43.62550466726618,-116.7094355993512
US16029,42.77108672734047,-111.562240263505
US16031,42.28460079128295,-113.5999147809702
US16033,44.28445616403663,-112.3508745419356
US16035,46.67438311284439,-115.6566116857927
US16037,44.24294763567316,-114.2826413613827
US16039,43.35623143236613,-115.4689788874898
US16041,42.18142003917945,-111.81315347264
US16043,44.22983840003443,-111.4816586063301
US16045,44.06251457693122,-116.3971863086551
US16047,42.97152448720098,-114.8116001790515
US16049,45.84803587129068,-115.4662046730884
US16051,43.82052125891416,-112.3114403563985
US16053,42.69006481212134,-114.2640461877708
US16055,47.67516351273234,-116.7017739859646
US16057,46.8167113980866,-116.7117022743766
US16059,44.94635058325197,-113.9349560037678
US16061,46.23724797268547,-116.426172883677
US16063,43.00272527969472,-114.1382510474922
US16065,43.78428808216486,-111.6592495497203
US16067,42.85513130907341,-113.6372354447121
US16069,46.32777720938555,-116.7500895208065
US16071,42.19530823981342,-112.5393134347841
US16073,42.58484728396713,-116.1712589724984
US16075,44.00699794530728,-116.7607559215518
US16077,42.69451002536535,-112.8409132408263
US16079,47.35552275589799,-115.8933166979462
US16081,43.75974244740438,-111.2076371407043
US16083,42.35694679399811,-114.6672848654702
US16085,44.76857695418013,-115.5656216075622
US16087,44.45326263026152,-116.7849244994721
US20001,37.88589303665753,-95.30138574699065
US20003,38.21441776838891,-95.29332244388029
US20005,39.53184060421732,-95.3134600935442
US20007,37.22919491852855,-98.6848182368622
US20009,38.47929327505697,-98.75646448048349
US20011,37.85544953189243,-94.84929368523288
US20013,39.8267183556359,-95.56421966099784
US20015,37.78190115318701,-96.83906425822838
US20017,38.30237183834682,-96.59392014057532
US20019,37.1502079237502,-96.24537906427918
US20021,37.16949777908742,-94.84627011692292
US20023,39.78621183266808,-101.7311042339855
US20025,37.23588799474518,-99.82031886372914
US20027,39.35005110855708,-97.16517097369297
US20029,39.48051410436018,-97.64928225354598
US20031,38.23710583630022,-95.7341059087276
US20033,37.19152330192205,-99.27187159835417
US20035,37.23812956345957,-96.8374897893083
US20037,37.50750184458384,-94.85181400629284
US20039,39.78509896001697,-100.4598989369904
US20041,38.86697025653875,-97.15271591532029
US20043,39.78822345406121,-95.1468192276458
US20045,38.88481815801082,-95.29263249109744
US20047,37.88782243081772,-99.31221617024012
US20049,37.45384336159483,-96.24408824839075
US20051,38.9150860144459,-99.31722856611955
US20053,38.69684031726459,-98.20473272185058
US20055,38.04473956417817,-100.7368224302413
US20057,37.6920344208983,-99.88795252064108
US20059,38.56472874666869,-95.28594616991816
US20061,39.00253839451265,-96.75256533752928
US20063,38.91642677609814,-100.4829027307116
US20065,39.35005465858625,-99.8832503416364
US20067,37.56239676131313,-101.3080217928432
US20069,37.73866573545305,-100.437872345688
US20071,38.48086673997729,-101.805967803339
US20073,37.87829890811097,-96.23260333561286
US20075,37.99962469143399,-101.791261341499
US20077,37.19185221262052,-98.07549553579088
US20079,38.04333547607247,-97.4272712255096
US20081,37.56245486415322,-100.8711919563869
US20083,38.08769166954564,-99.89793623879451
US20085,39.41711576891135,-95.79361871608566
US20087,39.236007426116,-95.38345296153076
US20089,39.78507626703988,-98.2183410598065
US20091,38.88392258431059,-94.82224277322118
US20093,38.00067106201268,-101.3198675225354
US20095,37.55908838391183,-98.13633129393268
US20097,37.55847091351437,-99.28604845538013
US20099,37.19157245692513,-95.29757554489112
US20101,38.48163511108817,-100.4664014214976
US20103,39.19965938251278,-95.0379002822576
US20105,39.04554314180176,-98.2077000108696
US20107,38.21248381494839,-94.8429287723635
US20109,38.91766797964405,-101.1483895546704
US20111,38.4567427285897,-96.152635883211
US20113,38.3919941425184,-97.64808064025353
US20115,38.35928246654693,-97.09694318344424
US20117,39.78396872679333,-96.52293712785486
US20119,37.23856843775594,-100.3661882787976
US20121,38.56379484253571,-94.83805520191495
US20123,39.39348261254356,-98.2093641238572
US20125,37.19277017386257,-95.74287790159538
US20127,38.68762771384908,-96.64986513618854
US20129,37.19165383554614,-101.7992520755506
US20131,39.78379061749475,-96.01410154527824
US20133,37.55868954575946,-95.30679222953027
US20135,38.47974681727884,-99.91618183227872
US20137,39.78472849487571,-99.90347549800734
US20139,38.65266046995642,-95.7269409272568
US20141,39.35067190370393,-98.76798811505004
US20143,39.13275308655361,-97.65021619661276
US20145,38.18151697560846,-99.2367966527738
US20147,39.78492580125752,-99.34702142414967
US20149,39.37924320472933,-96.3423750818495
US20151,37.64794641815453,-98.73959601057756
US20153,39.78558399182162,-101.0757043548031
US20155,37.95328061831801,-98.0860074642264
US20157,39.82801699843877,-97.65062290071212
US20159,38.34735492176074,-98.20103224322746
US20161,39.29704689369599,-96.7353576741234
US20163,39.35056702687628,-99.32505410931938
US20165,38.52337082100566,-99.30924128430073
US20167,38.91511445706664,-98.76234956517108
US20169,38.78401941464534,-97.64993227842596
US20171,38.48249738288839,-100.9068605794934
US20173,37.68507686230706,-97.460931248327
US20175,37.19355346083803,-100.8512873868574
US20177,39.04173200474417,-95.75658546075644
US20179,39.35069556286856,-100.4418318866521
US20181,39.35177143572069,-101.7199798802677
US20183,39.78549933636443,-98.78547300995687
US20185,38.03132720935529,-98.71740514551196
US20187,37.56326529429229,-101.784184385732
US20189,37.19257178400588,-101.3120470094395
US20191,37.23765266908818,-97.47655186350867
US20193,39.35130588482026,-101.0555314117602
US20195,38.91465894188394,-99.87273272267738
US20197,38.95360215776962,-96.20501114096533
US20199,38.91699472482777,-101.763571571497
US20201,39.78454563588782,-97.08754407823854
US20203,38.48241583798832,-101.3473554704919
US20205,37.55944508157666,-95.74338956160484
US20207,37.88682856515159,-95.74016691771386
US20209,39.11468466759636,-94.76448383553512
US29001,40.19073542804657,-92.60071872362788
US29003,39.98367717583364,-94.80208681650998
US29005,40.43103296695978,-95.42813798245317
US29007,39.21588184166788,-91.84161680987393
US29009,36.7101975353428,-93.82907786513312
US29011,37.50244346189309,-94.34711788479146
US29013,38.25758920951713,-94.34001839034184
US29015,38.29520705010808,-93.28794582117447
US29017,37.32265189058113,-90.02590312330547
US29019,38.99110117067645,-92.3096819633544
US29021,39.65988508147871,-94.80589340950009
US29023,36.71667195741075,-90.40659698991904
US29025,39.65587402167627,-93.98279985781755
US29027,38.83588524579505,-91.9259355565649
US29029,38.02724141664235,-92.76615186704385
US29031,37.384319881758,-89.6844136552298
US29033,39.42722162285715,-93.50516168271324
US29035,36.94138129545463,-90.96234118354808
US29037,38.64722798579275,-94.35484640998108
US29039,37.72400525448834,-93.85664119661324
US29041,39.51537372038972,-92.96267667114448
US29043,36.96971100172292,-93.18892561623998
US29045,40.41056689239705,-91.73844718237984
US29047,39.31068157067625,-94.42084445370408
US29049,39.60193364897618,-94.40459394360975
US29051,38.50557657770752,-92.2816235003713
US29053,38.84370669188949,-92.810120194582
US29055,37.97675224104837,-91.30398965156576
US29057,37.43218430540971,-93.85028968296916
US29059,37.68074131964556,-93.0236436676542
US29061,39.96096762183817,-93.98547313951146
US29063,39.89333093386271,-94.40471077136166
US29065,37.60685251035745,-91.50790977023745
US29067,36.93271058082501,-92.4988164108158
US29069,36.27291320749018,-90.09082958032454
US29071,38.41145110043529,-91.07502368902756
US29073,38.44132636915909,-91.50791530323528
US29075,40.21233052442512,-94.40991549103836
US29077,37.25822701909642,-93.3420043042547
US29079,40.11409381054805,-93.565336636477
US29081,40.3550290203052,-93.9920706302457
US29083,38.38537952939361,-93.79275190281952
US29085,37.9408972483745,-93.32068907629828
US29087,40.09467528717894,-95.21560386848132
US29089,39.14267525986837,-92.6962381710591
US29091,36.77453426630741,-91.88652793881889
US29093,37.55550640625349,-90.77366812567028
US29095,39.00868913085495,-94.34607576628964
US29097,37.20369780031753,-94.34061575070776
US29099,38.26133914060367,-90.53773878723332
US29101,38.74431458176937,-93.80635763816676
US29103,40.12848077157649,-92.14807441435596
US29105,37.65857477715323,-92.59042958687482
US29107,39.06570798439725,-93.78544226359716
US29109,37.1065635626501,-93.8329373827382
US29111,40.09707496966598,-91.7221582351912
US29113,39.05820480809557,-90.96005103481576
US29115,39.87041291915296,-93.1071723812325
US29117,39.78233410902798,-93.54829930920803
US29119,36.62879074034299,-94.34835264599523
US29121,39.83110790846479,-92.56465134896808
US29123,37.47827259698507,-90.34502506354212
US29125,38.16175097275359,-91.92487345340624
US29127,39.80609910364754,-91.62235718883254
US29129,40.42251519350972,-93.56856166584495
US29131,38.21476409259422,-92.42847575056086
US29133,36.82835415292847,-89.29118376159313
US29135,38.63299730249712,-92.58299718665508
US29137,39.4956402247517,-92.00072102664176
US29139,38.94181120712874,-91.47016011209246
US29141,38.42408485796617,-92.8860321388595
US29143,36.59496253632994,-89.65172575550925
US29145,36.90565264324802,-94.33925294112258
US29147,40.36112768393892,-94.8834879323342
US29149,36.68693804759632,-91.40330152430944
US29151,38.46061940553346,-91.86175601956924
US29153,36.64946091152224,-92.4446727805278
US29155,36.21170109189727,-89.78534470163041
US29157,37.70725629236724,-89.82443490941522
US29159,38.72859122657061,-93.28508219560392
US29161,37.87746656218419,-91.79223806398154
US29163,39.3440611350064,-91.17139328363906
US29165,39.38056301681807,-94.77382219708116
US29167,37.61673305675663,-93.4005431706506
US29169,37.82488338690905,-92.20768654378888
US29171,40.47899512351789,-93.01614761417798
US29173,39.52789633699848,-91.52196485207122
US29175,39.44037376223594,-92.49709306853354
US29177,39.3525633329763,-93.98986107008083
US29179,37.36277217426149,-90.96917351064675
US29181,36.65298472130561,-90.8639002612192
US29183,38.78214499834252,-90.67477499404345
US29185,38.03738512287409,-93.7759903278012
US29186,37.89461369527105,-90.19444856105234
US29187,37.81056626652757,-90.47232910537024
US29189,38.64091569923688,-90.44334100576354
US29195,39.13710848542454,-93.20179796858496
US29197,40.47038592553721,-92.5209413749332
US29199,40.45276443110015,-92.14704501791
US29201,37.0532065932228,-89.56856321174287
US29203,37.15782417428967,-91.40049421144111
US29205,39.79795180950344,-92.07659603462218
US29207,36.85593319050457,-89.9443313673534
US29209,36.74742123847092,-93.456004652609
US29211,40.21086654008575,-93.1115204662754
US29213,36.65491637122631,-93.04112634582938
US29215,37.31778894982901,-91.96509815892117
US29217,37.85085969127466,-94.34244701842309
US29219,38.7647937534935,-91.16073315532924
US29221,37.9620370762036,-90.87744642661696
US29223,37.11285865332925,-90.46143077377596
US29225,37.28118232227094,-92.87588922093182
US29227,40.47920032741509,-94.42210950752762
US29229,37.2704231662337,-92.46871096470822
US29510,38.63586904452692,-90.2450875221501
US30001,45.13673318767704,-112.901070007387
US30003,45.42532341870058,-107.490088176159
US30005,48.43618351234628,-108.9580440647499
US30007,46.33348398186136,-111.4954467904815
US30009,45.2280242887492,-109.0280529127669
US30011,45.51931866347643,-104.5362468299648
US30013,47.30912301955798,-111.3472813012077
US30015,47.88195942073271,-110.4351118546092
US30017,46.25481462787139,-105.5719353604528
US30019,48.78431265074655,-105.5486945459014
US30021,47.26782290565485,-104.8999197307085
US30023,46.06119303692468,-113.0675143819191
US30025,46.33493917005884,-104.4175573838569
US30027,47.26584067187659,-109.2244250833989
US30029,48.29840907860099,-114.0509612989312
US30031,45.54551993722426,-111.1702194017995
US30033,47.27957801272814,-106.9925856342224
US30035,48.70608655811147,-112.9949618212771
US30037,46.38225085570979,-109.1749844245689
US30039,46.40571783141691,-113.4401952204937
US30041,48.62961229080515,-110.1113402814966
US30043,46.14956855807017,-112.0937951646511
US30045,47.04645786039519,-110.2663116607244
US30047,47.64735904815112,-114.0893959960652
US30049,47.125470543387,-112.3920247228085
US30051,48.56363854840859,-111.024480521699
US30053,48.54486463328229,-115.405035302866
US30055,47.6471480010415,-105.7952792245292
US30057,45.30285042690365,-111.9207617382544
US30059,46.59961224052854,-110.886417244596
US30061,47.14830698935352,-114.9991941956253
US30063,47.03818632310402,-113.9232405187834
US30065,46.49727101616512,-108.3980038917453
US30067,45.49164400028859,-110.5267902797642
US30069,47.11897885705311,-108.2500675972187
US30071,48.26421744513253,-107.9120446948137
US30073,48.22831359193344,-112.2270267887886
US30075,45.39636815265526,-105.6301061093852
US30077,46.8601743254562,-112.9376386582577
US30079,46.86129576398251,-105.3787378698119
US30081,46.08417373555989,-114.1205602875279
US30083,47.78892993734079,-104.5618031842408
US30085,48.29505127928563,-105.0166746836711
US30087,46.23566543453493,-106.732254883906
US30089,47.67647009281016,-115.1349770304505
US30091,48.72202658711466,-104.5048549371929
US30093,45.90281254535245,-112.6567315755588
US30095,45.67081109580589,-109.3941858543093
US30097,45.81561817973883,-109.9408121804585
US30099,47.83783793911232,-112.2408113632733
US30101,48.65658886621727,-111.6958765436587
US30103,46.2121888445113,-107.2718960064675
US30105,48.36884790409666,-106.6668005605931
US30107,46.46684203649294,-109.8445445863017
US30109,46.96661808575451,-104.2487691584785
US30111,45.93883463464088,-108.2735910998777
US31001,40.52469491763985,-98.50120924612378
US31003,42.17744102554877,-98.06668724491648
US31005,41.56913620604495,-101.6958293154701
US31007,41.54611856034659,-103.7104591328953
US31009,41.91299321047335,-99.97690030230626
US31011,41.70712659665153,-98.06724185552108
US31013,42.22012864826406,-103.0857294194955
US31015,42.89976672348421,-98.76656328754152
US31017,42.43097416573845,-99.92956529684216
US31019,40.85543057976366,-99.07496320706132
US31021,41.85177208898596,-96.3286414246144
US31023,41.22632833778255,-97.13174995545648
US31025,40.9098444254118,-96.140848661008
US31027,42.59970333103493,-97.2524641234054
US31029,40.52442312561808,-101.6979470416468
US31031,42.54659339975372,-101.1186267313301
US31033,41.22013036973804,-102.9950217569984
US31035,40.52465801169113,-98.0512843289324
US31037,41.57424765744999,-97.08644701319356
US31039,41.91664058340731,-96.78740113962746
US31041,41.39518883358057,-99.72615676793149
US31043,42.39122233171864,-96.56452553600931
US31045,42.72037963746271,-103.1354390695592
US31047,40.87017301942431,-99.819581381968
US31049,41.11168046408837,-102.3340001635403
US31051,42.49350158999151,-96.86772787096292
US31053,41.57809695192761,-96.65403300607724
US31055,41.29542932910027,-96.15449517431011
US31057,40.1764570417434,-101.6879612204353
US31059,40.52489212448318,-97.5965014797126
US31061,40.17656818145662,-98.9527964765418
US31063,40.53030457455564,-100.3941768980639
US31065,40.17669093718725,-99.91227425781211
US31067,40.26243277183724,-96.68944013301228
US31069,41.6205703566927,-102.3354677756458
US31071,41.91459399169451,-98.99138576042088
US31073,40.51505677014755,-99.83067447331013
US31075,41.91525049852977,-101.7405571309723
US31077,41.56767288698375,-98.5212444858995
US31079,40.87279993063586,-98.502174271043
US31081,40.87330610566357,-98.02279422488074
US31083,40.17671980612845,-99.40464467799217
US31085,40.52500958563378,-101.061844344833
US31087,40.17656995237385,-101.0422735841664
US31089,42.45679689603026,-98.78392609382666
US31091,41.91615058610488,-101.1353385438968
US31093,41.22026934022801,-98.51709395177043
US31095,40.17598425993194,-97.14271585611982
US31097,40.39275762805252,-96.26509681410208
US31099,40.50689023773192,-98.94801275610948
US31101,41.19908919234231,-101.6613989050094
US31103,42.87895206912427,-99.71237364403702
US31105,41.19794674346247,-103.7149145084232
US31107,42.63710937217898,-97.89188634950176
US31109,40.7846872020564,-96.68775464481892
US31111,41.04868335251733,-100.7452564468499
US31113,41.56680005500466,-100.4827382232195
US31115,41.91408111964147,-99.4544199426268
US31117,41.56832840295763,-101.060419172351
US31119,41.91693482839215,-97.60077892939772
US31121,41.16929544389637,-98.03779441144547
US31123,41.71657328717851,-103.0104898966219
US31125,41.39739962929311,-97.99220912143052
US31127,40.38778911501718,-95.84983275372888
US31129,40.17660302204871,-98.04718488461656
US31131,40.64862742995976,-96.13479911622056
US31133,40.13166854690722,-96.2370553064316
US31135,40.8511122837092,-101.6496006046533
US31137,40.51130493058814,-99.41455050891923
US31139,42.26461449869527,-97.6012896017708
US31141,41.57153802980557,-97.52119225785955
US31143,41.18707008520993,-97.56836935633648
US31145,40.17605366281825,-100.4768657121875
US31147,40.12518912024927,-95.71755616390922
US31149,42.42218329159191,-99.44992002445731
US31151,40.5242873113016,-97.14090904718
US31153,41.11297655441952,-96.11197429262684
US31155,41.22665926414744,-96.63746072315656
US31157,41.85075386750477,-103.707947739583
US31159,40.87261468644125,-97.13951000277623
US31161,42.50674816837774,-102.4090765305511
US31163,41.22082144938211,-98.97620530788852
US31165,42.48972905406669,-103.7589446002642
US31167,41.91716043704369,-97.19391510336672
US31169,40.17650942579967,-97.5949194290103
US31171,41.91382125645067,-100.5558884169034
US31173,42.15829955586769,-96.54414392135422
US31175,41.56753763537483,-98.98190235891624
US31177,41.53119771629078,-96.22209550414418
US31179,42.20941186555444,-97.11929751227534
US31181,40.17665628032929,-98.49994743731727
US31183,41.91500744623825,-98.5281859122066
US31185,40.87297452881934,-97.59710678684442
US32001,39.58232564825472,-118.3357364208918
US32003,36.21872535037903,-115.0135059914192
US32005,38.91266742107652,-119.6163008610995
US32007,41.15215587874824,-115.359257084688
US32009,37.78664877467578,-117.6328188469354
US32011,39.98947347203625,-116.2689435508865
US32013,41.40962375495437,-118.1124798489708
US32015,39.93941997712388,-117.0371517332222
US32017,37.64823370033989,-114.8766174729364
US32019,39.02277864586068,-119.1892238783842
US32021,38.54037825542707,-118.4351583308273
US32023,38.05468708465743,-116.4728679146741
US32027,40.44177970325493,-118.4045887254157
US32029,39.44716980997018,-119.5292679327359
US32031,40.6788917935775,-119.6642005972145
US32033,39.44558821184412,-114.9020678849006
US32510,39.15114662939607,-119.7475580321541
US35001,35.05153411079968,-106.6702453319947
US35003,33.91798859886078,-108.4046203727104
US35005,33.3659544432283,-104.4659016166296
US35006,34.91335585416488,-107.9994036958076
US35007,36.60706244477048,-104.6468225339973
US35009,34.57471186035491,-103.3469020303228
US35011,34.3430660486176,-104.4118939927138
US35013,32.35425562824762,-106.8324911807845
US35015,32.47274710062779,-104.3045205188198
US35017,32.74088135197898,-108.3825759201327
US35019,34.86425873556538,-104.7903153733344
US35021,35.85873987537071,-103.8204528877661
US35023,31.9166064766338,-108.7153402933246
US35025,32.79549322873642,-103.4124878880139
US35027,33.74691011214966,-105.4591785650766
US35028,35.8693676404496,-106.3073565433956
US35029,32.18308979452181,-107.7497315894683
US35031,35.58195491800427,-108.2613648150418
US35033,36.01090037256497,-104.9450111858951
US35035,32.61577423898121,-105.7419216728093
US35037,35.10573637005591,-103.5490734483555
US35039,36.51110137106636,-106.6935388774043
US35041,34.02223312462183,-103.4803531556
US35043,35.69006886403298,-106.8664148221923
US35045,36.51014954575526,-108.3205252718097
US35047,35.48125660072679,-104.8159063964002
US35049,35.50829656855106,-105.9762445966063
US35051,33.13131509633942,-107.1922283411812
US35053,34.00871975965493,-106.9305399327511
US35055,36.57947289151428,-105.6309943277879
US35057,34.64133385771065,-105.8507400966292
US35059,36.4836490263683,-103.4712323536326
US35061,34.71569885424451,-106.8091477441289
US38001,46.09704279452979,-102.5285838005613
US38003,46.93697500202282,-98.07157765244644
US38005,48.07007604961571,-99.36641585265149
US38007,47.02467084169319,-103.3761971313698
US38009,48.79266288554561,-100.8333432110815
US38011,46.11284462353265,-103.5206711665681
US38013,48.79151501032251,-102.5180750343472
US38015,46.97847818644003,-100.4687708073636
US38017,46.93382656124996,-97.24806550199776
US38019,48.77280526832682,-98.46486473532669
US38021,46.11039573560227,-98.50470668713132
US38023,48.81525559936613,-103.487381630073
US38025,47.35807202604823,-102.6182152868689
US38027,47.71776459092163,-98.90166191839944
US38029,46.28612410474951,-100.2387798435776
US38031,47.45723915964961,-98.88298596453988
US38033,46.94145536457901,-103.8465708447357
US38035,47.92257675990039,-97.45704363180644
US38037,46.35916350999134,-101.6398389889332
US38039,47.45772210607529,-98.23698556159052
US38041,46.43287238949257,-102.4603735157785
US38043,46.98123064607154,-99.78014702731576
US38045,46.45719391198788,-98.53546034439653
US38047,46.45762357088995,-99.47741456024548
US38049,48.2360373164217,-100.6364577996383
US38051,46.1120509908127,-99.44119173441403
US38053,47.74148517913669,-103.394709715811
US38055,47.60776495998954,-101.3223662606031
US38057,47.30983312698029,-101.8313497088053
US38059,46.71685587671565,-101.2817930085986
US38061,48.20258210369973,-102.3558984844188
US38063,47.9223167324518,-98.19199032489188
US38065,47.11545485888941,-101.3402993661982
US38067,48.76799277508434,-97.55187464039555
US38069,48.25089204075406,-99.97159293046644
US38071,48.26961693740777,-98.7200171440782
US38073,46.45643210418277,-97.65740047556832
US38075,48.71980798978834,-101.658129526175
US38077,46.26568687737316,-96.94840442977888
US38079,48.77301102592249,-99.84098956608928
US38081,46.10821320497202,-97.63073936742016
US38083,47.57608384590809,-100.3455289586167
US38085,46.1131097010355,-101.0398645669397
US38087,46.44750405370436,-103.4598106912704
US38089,46.81098753547206,-102.6550564547975
US38091,47.45659455046643,-97.72460600357566
US38093,46.98038787552301,-98.95888827752547
US38095,48.68658471936768,-99.24581993872545
US38097,47.45463228368635,-97.1615752250667
US38099,48.36975372410138,-97.72134125063894
US38101,48.22334793287763,-101.542539006754
US38103,47.58816914519933,-99.66094841165824
US38105,48.34451637915988,-103.4800627903092
US40001,35.88436139199003,-94.65875940304733
US40003,36.73145483643843,-98.32398336016225
US40005,34.37399549541232,-96.0377409856319
US40007,36.75011614948698,-100.4768294755081
US40009,35.26894137413336,-99.68187567836208
US04001,35.41314877210534,-109.489059967602
US40011,35.87580864053204,-98.43344177789872
US40013,33.962449968238,-96.2597333254385
US40015,35.17507427809631,-98.37522425692352
US40017,35.54265673504121,-97.98242380242152
US40019,34.25108740194866,-97.28584932906084
US40021,35.90704778395875,-94.99969624201584
US40023,34.02672872294205,-95.55217836867332
US40025,36.74870502982509,-102.5177260409283
US40027,35.20332596447412,-97.32653866387628
US40029,34.58836799307347,-96.29775085597224
US04003,31.88125045806827,-109.7512565093009
US40031,34.66236443692143,-98.4716631310232
US40033,34.29041532797541,-98.3722210720852
US40035,36.7621402298958,-95.2084877327988
US40037,35.90296073793529,-96.3708396433166
US40039,35.63902617639899,-99.00156025377098
US40041,36.40865681920206,-94.80262750643672
US40043,35.98784737671255,-99.0079245458192
US40045,36.2191579482805,-99.75472771706204
US40047,36.3793568961883,-97.78272322625855
US40049,34.70474640665631,-97.30930217745885
US04005,35.84682330148703,-111.7713450075296
US40051,35.01762558970383,-97.88413578927168
US40053,36.79641190110264,-97.78612433270034
US40055,34.93593441105335,-99.56081351135488
US40057,34.74444258832344,-99.8463017327806
US40059,36.78906245892371,-99.6674346094037
US40061,35.22493770511268,-95.11660445205278
US40063,35.04876445907675,-96.25015462220348
US40065,34.58821143489666,-99.41466534483922
US40067,34.11121650668144,-97.83580618236168
US40069,34.31668807947935,-96.66061648934216
US04007,33.80154436162337,-110.812418227263
US40071,36.81824468546119,-97.14386713826876
US40073,35.9456930838554,-97.94211056190916
US40075,34.9167164064872,-98.98093749987862
US40077,34.87624577743762,-95.2503264777342
US40079,34.9012434791054,-94.70327665395612
US40081,35.70332847039334,-96.8808905996824
US40083,35.91962274186924,-97.44338280848189
US40085,33.94997478691673,-97.2441464007624
US40087,35.00960497577601,-97.44444493145848
US40089,34.11620353735795,-94.7714343414149
US04009,32.93436973238853,-109.8875719797064
US40091,35.37383057885882,-95.66670003540008
US40093,36.3117932100561,-98.53596086713208
US40095,34.02464707458059,-96.76914471943223
US40097,36.3022211102251,-95.23071638564072
US40099,34.48242118836195,-97.06788521610376
US40101,35.61649759444244,-95.37961783796526
US40103,36.38889087342902,-97.23048221674182
US40105,36.79873821111448,-95.61734819381034
US40107,35.46563318067439,-96.32286309557432
US40109,35.5516988085139,-97.40723433673784
US04011,33.21736400826817,-109.2404897538205
US40111,35.64690559433287,-95.96427096753592
US40113,36.63005776347475,-96.39860651673324
US40115,36.83569347546386,-94.81043425835443
US40117,36.31706528398126,-96.69933065257652
US40119,36.07740790728482,-96.97564903743964
US04012,33.73105293108949,-113.9810081329163
US40121,34.92441001103634,-95.74832993342947
US40123,34.72827673907949,-96.68437538732528
US40125,35.20711877594967,-96.9483282545279
US40127,34.41655226232007,-95.3757425171367
US40129,35.68876351777786,-99.69565625036326
US04013,33.35199769719291,-112.4906513458987
US40131,36.37192093364119,-95.60433368373118
US40133,35.16792734897619,-96.61546543544333
US40135,35.49548716158197,-94.75524091827164
US40137,34.48581033206212,-97.85153178509012
US40139,36.74830339771538,-101.4900928920234
US40141,34.37311091723247,-98.92431563957774
US40143,36.12151512531016,-95.94147514075492
US40145,35.96124900625595,-95.52123318594444
US40147,36.71578058553631,-95.90436082404486
US40149,35.29055574339323,-98.99222709656708
US04015,35.71540308909824,-113.7558100363764
US40151,36.76743150213756,-98.86534410600568
US40153,36.42319999244588,-99.26503295859992
US04017,35.41401065980003,-110.3219085707214
US04019,32.09843971371416,-111.7901983281201
US04021,32.90537783974867,-111.3447688467805
US04023,31.52615910592406,-110.8464835432109
US04025,34.60244036910203,-112.5543922672234
US04027,32.77155167475849,-113.9055983948433
US46003,43.71842053188542,-98.56156897151766
US46005,44.41488769288639,-98.2781148517305
US46007,43.19522926734507,-101.6640009842973
US46009,42.988642139636,-97.88460695795986
US46011,44.36993791019236,-96.79042011355956
US46013,45.59079840972332,-98.35161569828372
US46015,43.71842940883904,-99.08094617733684
US46017,44.07648680066288,-99.20500218210609
US46019,44.9066561840522,-103.5080113899405
US46021,45.77141826191836,-100.0516504844211
US46023,43.20857296529788,-98.58855272949488
US46025,44.85901717366312,-97.72953287624364
US46027,42.91480846303799,-96.97565764482772
US46029,44.97811521445633,-97.18861964282692
US46031,45.70908894356205,-101.1968667388345
US46033,43.67793156124509,-103.4514464662093
US46035,43.6749964697713,-98.14598853708384
US46037,45.36756256648552,-97.60742401502183
US46039,44.76046345459981,-96.66797318459612
US46041,45.15758203159127,-100.8719425289698
US46043,43.38704844888689,-98.36617014462024
US46045,45.41906425670596,-99.21532755720622
US46047,43.23984426388225,-103.5275429619668
US46049,45.07127515700808,-99.1452549726237
US46051,45.17217771499793,-96.76779375320052
US46053,43.19282806520351,-99.1858636370994
US46055,44.29529076903617,-101.5399054502894
US46057,44.67390527487831,-97.18833332627833
US46059,44.54881850588075,-99.00494183999056
US46061,43.67507944281051,-97.7873329467942
US46063,45.58154398823365,-103.4957612625269
US46065,44.38935556607125,-99.9962691426108
US46067,43.33507042856034,-97.75441990830794
US46069,44.54844565115999,-99.48715059680512
US46071,43.69500481144038,-101.6279817630431
US46073,44.06648919865872,-98.62967357948467
US46075,43.960979079041,-100.6897778301861
US46077,44.36984462090232,-97.49147592119095
US46079,44.02229882518323,-97.12937661304204
US46081,44.35908566892086,-103.7922597115422
US46083,43.27928118810723,-96.72186876829704
US46085,43.89652031514419,-99.84769896430612
US46087,43.67456437114615,-97.36844402041784
US46089,45.76664405491436,-99.22145799767712
US46091,45.75895206346289,-97.5985167218524
US46093,44.56842471955744,-102.7160718203199
US46095,43.58158702133356,-100.760114072
US46097,44.02220337323147,-97.61024570409369
US46099,43.67443055666057,-96.79143595693392
US46101,44.02226611984818,-96.67092180811302
US46102,43.33653488218475,-102.5516206462507
US46103,44.00435883330054,-102.8236213462039
US46105,45.49232170675236,-102.4756252952991
US46107,45.06476764786728,-99.9572027053064
US46109,45.63063927784317,-96.94608177816863
US46111,44.02369574003162,-98.0913760723583
US46115,44.93882256995687,-98.3462037494032
US46117,44.41304042741415,-100.7362632968631
US46119,44.71581307914455,-100.1321974352314
US46121,43.19371820516422,-100.7184321448247
US46123,43.34689458653722,-99.88401454313174
US46125,43.31117663848933,-97.14870252246112
US46127,42.83315756481856,-96.65613187760734
US46129,45.43022152695927,-100.0316138755693
US46135,43.00917815834318,-97.39477522239082
US46137,44.98209119240008,-101.666030523949
US48001,31.81364904139288,-95.65263676233982
US48003,32.30529800563546,-102.6378150460463
US48005,31.2550016346703,-94.61200588951002
US48007,28.08492369131444,-96.99139973380974
US48009,33.61557352454852,-98.6876750807516
US48011,34.96521355229824,-101.3574021544769
US48013,28.89384810959494,-98.52720550670551
US48015,29.88726440562949,-96.27801497818348
US48017,34.0688787577586,-102.829912132276
US48019,29.74730057889399,-99.2462977064001
US48021,30.10388687216662,-97.31199926054327
US48023,33.61676481177872,-99.21351580607934
US48025,28.41768457218343,-97.74131256470412
US48027,31.03756201863071,-97.47873769603596
US48029,29.44930834998826,-98.52005758053546
US48031,30.26666592995997,-98.39985673939822
US48033,32.74396278150891,-101.4317488700489
US48035,31.90073475798037,-97.63441005583408
US48037,33.44594249882704,-94.42338573194408
US48039,29.16832428308497,-95.43422368634867
US48041,30.66112420232576,-96.3024164527794
US48043,29.81423082210018,-103.2517882944308
US48045,34.53054895398532,-101.2085927338917
US48047,27.03183451091013,-98.21874206926628
US48049,31.77467488718852,-98.99979609571577
US48051,30.49262621227313,-96.6215067088267
US48053,30.78876401471039,-98.18229370986208
US48055,29.83697472536688,-97.61994350283112
US48057,28.4394886120088,-96.61502103842962
US48059,32.29791660782183,-99.37348710202504
US48061,26.15107367365779,-97.45206566579404
US48063,32.97325971047795,-94.9784869116194
US48065,35.40381137436809,-101.3541829634465
US48067,33.07775831283259,-94.34358653989104
US48069,34.53024078952292,-102.2616693763916
US48071,29.70842596596095,-94.67132913632702
US48073,31.83749998695676,-95.16529636470098
US48075,34.52948520868993,-100.2075756554995
US48077,33.78613962675077,-98.20853078446206
US48079,33.60441851980043,-102.8284380958361
US48081,31.88873752257778,-100.5299123491485
US48083,31.77372489097726,-99.453652914819
US48085,33.18823191100084,-96.5724419923041
US48087,34.96517345133034,-100.2700658594327
US48089,29.62111845075403,-96.52628858732416
US48091,29.8083050036249,-98.27825468318024
US48093,31.94825532037058,-98.5583375874336
US48095,31.32680593280337,-99.86397600456888
US48097,33.63949092913357,-97.21262558594358
US48099,31.39119284827226,-97.79920659413378
US48101,34.07798958259721,-100.2787336033339
US48103,31.42880524725611,-102.5156320034255
US48105,30.72384982651892,-101.4123575740027
US48107,33.61490068303469,-101.2999590649108
US48109,31.44885801715639,-104.5171778325283
US48111,36.27820529793235,-102.6021856534391
US48113,32.76682998567804,-96.77776717695914
US48115,32.74279314221848,-101.9476849601545
US48117,34.96631142021761,-102.604926704665
US48119,33.3863453515003,-95.67224861050477
US48121,33.20579725904872,-97.11681570443434
US48123,29.08228436185516,-97.35669170131514
US48125,33.61688857781386,-100.7788605194582
US48127,28.42276799865339,-99.75672680203814
US48129,34.96570615062065,-100.8139901501653
US48131,27.6819906429691,-98.50893751053152
US48133,32.32729269179833,-98.8322577456224
US48135,31.86942999493998,-102.5427492006375
US48137,29.98320450256061,-100.3046323535283
US48139,32.34865235768796,-96.7946104801064
US48141,31.76906602141414,-106.2349768241452
US48143,32.23662678825229,-98.2180139480748
US48145,31.25345319474586,-96.935804545677
US48147,33.59411114357611,-96.10676276580963
US48149,29.87703759619837,-96.9196546717448
US48151,32.74308906408711,-100.4021679192052
US48153,34.07276446922041,-101.3032341089709
US48155,33.97479218091583,-99.77806002627358
US48157,29.52771761371154,-95.77097146068384
US48159,33.17578549575329,-95.21841343121548
US48161,31.70515066547812,-96.14911183316144
US48163,28.86805719951422,-99.10826707460014
US48165,32.74099407872588,-102.6351749404191
US48167,29.38018655818818,-94.86263277603898
US48169,33.18014283377297,-101.2984216282152
US48171,30.3182216547257,-98.9464795474758
US48173,31.86972049481275,-101.5208017760252
US48175,28.65729843403494,-97.42648330671
US48177,29.45705847788682,-97.49240709156577
US48179,35.40145869322876,-100.8125580545398
US48181,33.62711552977586,-96.67777034225156
US48183,32.48056148486343,-94.81694173431772
US48185,30.54393256344505,-95.98553112315032
US48187,29.5832227832732,-97.94855684280746
US48189,34.07086017659037,-101.8268813774945
US48191,34.53106249236721,-100.6811277852624
US48193,31.705064468409,-98.11065238956344
US48195,36.27777049090177,-101.3545392094443
US48197,34.29053113956702,-99.74581442491676
US48199,30.33257337612797,-94.39022005334408
US48201,29.85762226005237,-95.39244685617628
US48203,32.54831107292079,-94.37151333533468
US48205,35.84031787669527,-102.6028601680125
US48207,33.17850777243004,-99.73030111515878
US48209,30.05810137112958,-98.03121092192008
US48211,35.83786986512954,-100.270473425741
US48213,32.2120495626666,-95.85365435366856
US48215,26.39721043120064,-98.18114661814302
US48217,31.99095486555733,-97.13253323977654
US48219,33.60791841006013,-102.3432034347105
US48221,32.43002752967592,-97.83225774600822
US48223,33.14975464562836,-95.56392232273048
US48225,31.31810411717435,-95.42256909629472
US48227,32.30643344215248,-101.4355024061377
US48229,31.45795800548981,-105.3867933853212
US48231,33.12399075486427,-96.0854157401961
US48233,35.84031811750188,-101.3546991351028
US48235,31.30418701646923,-100.9824181229336
US48237,33.23376144908517,-98.17246256947963
US48239,28.95451771128252,-96.57777263077524
US48241,30.74497914256709,-94.02516184409704
US48243,30.71581380964637,-104.1400485558934
US48245,29.85412485059854,-94.15347832012864
US48247,27.04372128323845,-98.6973147236426
US48249,27.73203910947012,-98.0898018238838
US48251,32.37917443938874,-97.36652177259472
US48253,32.74017275439445,-99.87874559020936
US48255,28.90597347294924,-97.85936987340496
US48257,32.59958859281477,-96.28777234332212
US48259,29.94486277437703,-98.71155135430878
US48261,26.9285261453729,-97.63646875638594
US48263,33.18168368738954,-100.7775697823989
US48265,30.06168073826541,-99.35028973707506
US48267,30.48700423770808,-99.74874516839265
US48269,33.61675438392428,-100.255851384921
US48271,29.35055858476755,-100.4179334352995
US48273,27.42682953051322,-97.6683850448856
US48275,33.60638235593116,-99.74144580874557
US48277,33.66754907345026,-95.57122728124592
US48279,34.06897472807682,-102.3517116717679
US48281,31.19640044998951,-98.24145484498524
US48283,28.34549299096951,-99.09965599339604
US48285,29.38460607261407,-96.93019381064312
US48287,30.31087748281302,-96.96574964972388
US48289,31.29682494449611,-95.99559450652713
US48291,30.15200364559425,-94.8123155623206
US48293,31.54578837808403,-96.58061567676476
US48295,36.27803236943764,-100.2731154769418
US48297,28.35185273285239,-98.1248295088494
US48299,30.70597259752428,-98.68411055349551
US48301,31.8493450027629,-103.579953400571
US48303,33.61048075643093,-101.8205463166289
US48305,33.17709005721729,-101.8161218314353
US48307,31.19922590742839,-99.34747894761696
US48309,31.55264155421632,-97.20172164257632
US48311,28.35309895057926,-98.5678409804697
US48313,30.96560719195594,-95.9283764204792
US48315,32.79802346141843,-94.35723044135928
US48317,32.3062939067184,-101.951214802498
US48319,30.71796407790915,-99.22613250967623
US48321,28.78612638358186,-96.00385489517711
US48323,28.74338365167194,-100.3146533408668
US48325,29.35604348026696,-99.11013368086384
US48327,30.88996195081155,-99.82066209628368
US48329,31.86941699372963,-102.0316092910223
US48331,30.78658834130905,-96.97677005799297
US48333,31.49537380234112,-98.5954863456437
US48335,32.30647906188069,-100.9212268786891
US48337,33.67597760616238,-97.72463207973767
US48339,30.30046031070895,-95.50310340778812
US48341,35.83798589687951,-101.8929229503801
US48343,33.11372312244831,-94.7326619179962
US48345,34.07443262312741,-100.7798277660926
US48347,31.61625186680105,-94.61599183729264
US48349,32.04717449625802,-96.4724287269036
US48351,30.78735699539662,-93.7446391748362
US48353,32.30375884682796,-100.4060518575947
US48355,27.73517609588849,-97.51624183210204
US48357,36.27872692827995,-100.815654161108
US48359,35.40533487951588,-102.60286669336
US48361,30.12140235246584,-93.89388957892812
US48363,32.75350514096377,-98.31300488027377
US48365,32.16255733522358,-94.30561625566936
US48367,32.77792058276259,-97.80509608906968
US48369,34.53039649666968,-102.7845384909806
US48371,30.7821564985938,-102.7236531154463
US48373,30.79313182064866,-94.83005539550636
US48375,35.40157180918036,-101.8940039641218
US48377,30.00140747087733,-104.2409438898125
US48379,32.87040994266981,-95.79339590558205
US48381,34.96614603752501,-101.8969428905373
US48383,31.36662705226922,-101.5230065218583
US48385,29.83197929203983,-99.82217704389244
US48387,33.62105772034851,-95.05042831497089
US48389,31.32425168854317,-103.6933870099468
US48391,28.32176031562173,-97.15943266651196
US48393,35.83879361003927,-100.813444036588
US48395,31.02732772946625,-96.51284489331846
US48397,32.89789202709893,-96.4078831044178
US48399,31.83143800377649,-99.97623106383992
US48401,32.10810051662959,-94.76184710411104
US48403,31.34341953103958,-93.85181743431912
US48405,31.39454680579603,-94.16820531995955
US48407,30.57979544250705,-95.16695894264096
US48409,28.00890455815235,-97.5183648546532
US48411,31.15553524529625,-98.81762914139892
US48413,30.89764003551617,-100.5385423542372
US48415,32.74658506568897,-100.9164076500199
US48417,32.73624688557525,-99.35406692719788
US48419,31.79258478173307,-94.14508745020488
US48421,36.27798339139135,-101.8934673540768
US48423,32.37533817208727,-95.26926208837766
US48425,32.22226076648652,-97.77453312701957
US48427,26.5623748490031,-98.7383707723389
US48429,32.73613843970616,-98.83617332837198
US48431,31.82824948414822,-101.0499950736677
US48433,33.17939622367798,-100.2533064176928
US48435,30.49851894404261,-100.5381847534686
US48437,34.53066910066118,-101.7350273286156
US48439,32.77219423543158,-97.29113089735463
US48441,32.30173835860312,-99.89012159134086
US48443,30.22577715104721,-102.0763999543453
US48445,33.17407627090594,-102.3351960870777
US48447,33.17776793343636,-99.21237123965128
US48449,33.21677647744134,-94.96568007863418
US48451,31.40488674074021,-100.4621905558438
US48453,30.33461406122242,-97.7820282706564
US48455,31.08904631723868,-95.13540065870076
US48457,30.77156322884298,-94.37666822694304
US48459,32.73644115822679,-94.94146067950906
US48461,31.36915922179189,-102.043041126314
US48463,29.35768917021693,-99.76220227048036
US48465,29.89392525579839,-101.1519912216904
US48467,32.56399561265497,-95.83657477891754
US48469,28.7966228541535,-96.97152845048907
US48471,30.73927735372338,-95.57228848608987
US48473,30.01110872419401,-95.98764648668585
US48475,31.50959011161793,-103.1024842818865
US48477,30.21462439091615,-96.40341519204868
US48479,27.76193716564433,-99.33194354882312
US48481,29.278168189158,-96.222054653598
US48483,35.40157442761009,-100.2696481299234
US48485,33.98814205637425,-98.70357531082766
US48487,34.08113978752669,-99.24112714253634
US48489,26.47703863833671,-97.59165399882664
US48491,30.6477277788896,-97.6004955678505
US48493,29.17420403108547,-98.08651524956144
US48495,31.85026867190468,-103.0481383793687
US48497,33.2161731677221,-97.65446068643696
US48499,32.78659493089786,-95.382095193097
US48501,33.1732374981806,-102.8277943514371
US48503,33.17697261857399,-98.68776728993504
US48505,27.0011884120632,-99.16866983256972
US48507,28.86644946661493,-99.76059683768324
US49001,38.35731858286221,-113.2357618057912
US49003,41.52278858566903,-113.0817302132297
US49005,41.72308913766757,-111.7437119267699
US49007,39.64835413342612,-110.5888167928672
US49009,40.88745724909966,-109.5077615275745
US49011,40.99024492528181,-112.1113973931009
US49013,40.30001722680942,-110.4251728760329
US49015,38.99854684248079,-110.7006646214535
US49017,37.85553191596578,-111.44290142927
US49019,38.98353687859137,-109.5697731284119
US49021,37.85981555687657,-113.2894880612295
US49023,39.70307645676895,-112.7850752737609
US49025,37.28552485382691,-111.8877371882011
US49027,39.07488878505801,-113.100562545811
US49029,41.0897274361338,-111.5730119768454
US49031,38.33690404201374,-112.1272148900653
US49033,41.63342788401132,-111.2445672110021
US49035,40.667594422063,-111.923602831652
US49037,37.62953272862223,-109.8035696440829
US49039,39.3749477232537,-111.576111355023
US49041,38.74825483412202,-111.8043514427293
US49043,40.86858092382771,-110.955792778108
US49045,40.45095571823104,-113.1311517597632
US49047,40.12814416165361,-109.5186208944551
US49049,40.12074959529419,-111.6706359372736
US49051,40.33161848569102,-111.1684436973795
US49053,37.28095856235021,-113.5047779505613
US49055,38.32458278175096,-110.9036881516848
US49057,41.26998714563678,-111.9131698947567
US05001,34.28958980039252,-91.37432241532004
US05003,33.19140753457579,-91.76842593551687
US05005,36.28751310925119,-92.3369799487114
US05007,36.33892247247346,-94.25606430610556
US05009,36.30887303332069,-93.0915322305328
US05011,33.46675662338154,-92.16234587395128
US05013,33.55834715350651,-92.50301937300466
US05015,36.34127071918041,-93.53823136738
US05017,33.26738978334708,-91.29368598447395
US05019,34.05125722371857,-93.1764675708706
US05021,36.36845388256348,-90.4174079690471
US05023,35.53836261678032,-92.02670416760787
US05025,33.89856028163582,-92.1851689666683
US05027,33.21452959217198,-93.2273283834812
US05029,35.2626150213778,-92.7014083919156
US05031,35.83091527013639,-90.6328206076188
US05033,35.58830521756881,-94.24283577984644
US05035,35.20605688023148,-90.30783413582314
US05037,35.29587309639392,-90.77115160154352
US05039,33.97006970816713,-92.65441796144184
US05041,33.83137154052785,-91.25487256812386
US05043,33.58964920367895,-91.71995415196604
US05045,35.14731201126743,-92.33198740334235
US05047,35.51274465710676,-93.89049420060716
US05049,36.38175632506229,-91.81822801503266
US05051,34.57691279814826,-93.15041412203902
US05053,34.29024239580097,-92.42364471893396
US05055,36.11781672595007,-90.5590344023042
US05057,33.73570525613206,-93.66842384849562
US05059,34.31777777771117,-92.9461392154717
US05061,34.08932183461257,-93.99370127112364
US05063,35.74182351103548,-91.56967923098487
US05065,36.09503371740055,-91.91343486148196
US05067,35.59956597268864,-91.21447563346956
US05069,34.26855436872604,-91.93040918948032
US05071,35.5698663609155,-93.46008178004844
US05073,33.24195326777946,-93.60694983314328
US05075,36.04138796058943,-91.10702821091742
US05077,34.78054391876287,-90.78079852891572
US05079,33.9571849415987,-91.73438730109112
US05081,33.70105948444093,-94.23531683170052
US05083,35.21509283567821,-93.71642082474668
US05085,34.75472019785964,-91.888849328862
US05087,36.01136121898264,-93.72457949061966
US05089,36.26866396631479,-92.6842571453272
US05091,33.31283785460707,-93.89205639796296
US05093,35.76294527938325,-90.05198024264408
US05095,34.67830797432968,-91.20399132831582
US05097,34.53914073742142,-93.65951484422555
US05099,33.66428411273012,-93.30717973573992
US05101,35.92022562173796,-93.2178088664951
US05103,33.59365980590413,-92.88189689269667
US05105,34.94766340501365,-92.93113544725573
US05107,34.42784804201373,-90.84872876100256
US05109,34.16373194606965,-93.65645515095704
US05111,35.5741476947268,-90.66295215997592
US05113,34.4860820101443,-94.22812014648584
US05115,35.44834489314257,-93.0344955225008
US05117,34.83020884941522,-91.55279981498153
US05119,34.77033201983522,-92.3121091363578
US05121,36.34168221928163,-91.0276317227761
US05123,35.02207600412413,-90.74781763816355
US05125,34.64688911886125,-92.67677565781668
US05127,34.86086969804842,-94.0632547780574
US05129,35.911115119206,-92.69947045658026
US05131,35.19922063824296,-94.27426342345956
US05133,33.99746939860808,-94.24135516093251
US05135,36.16165661418669,-91.47970340160494
US05137,35.86005674895474,-92.15678280791796
US05139,33.17154140995248,-92.5973483674278
US05141,35.58082761188479,-92.51577306989736
US05143,35.97936397845482,-94.21556478821913
US05145,35.25656752395616,-91.7455076026953
US05147,35.18660162932423,-91.2430975315298
US05149,35.00288338425804,-93.41073923715598
US56001,41.6584304477708,-105.7236698888629
US56003,44.52809026115271,-107.9957469600834
US56005,44.25315853316319,-105.5483107089043
US56007,41.69849117843118,-106.929795180145
US56009,42.97466879889557,-105.5069017896392
US56011,44.59004453566504,-104.5699246060898
US56013,43.04490106204516,-108.6328472178721
US56015,42.09009656037645,-104.3532650388371
US56017,43.71945566161314,-108.4425618038045
US56019,44.04122567958684,-106.5847523380859
US56021,41.30780500547749,-104.6897233117061
US56023,42.2692975920888,-110.6568449621775
US56025,42.96454604341007,-106.7984823010793
US56027,43.0581159062173,-104.4753780074827
US56029,44.52302245090083,-109.5889478047836
US56031,42.13485112668918,-104.965825863724
US56033,44.79038859302055,-106.8795619858648
US56035,42.76928412760979,-109.9152405808212
US56037,41.66258810990717,-108.8789423697063
US56039,43.93814610041014,-110.5900332329874
US56041,41.28814240923596,-110.5475636348189
US56043,43.90577789023448,-107.6833455791963
US56045,43.84144888558872,-104.5678231617541
US08001,39.8737700990538,-104.3379205450089
US08003,37.57313366876801,-105.7882315746934
US08005,39.64982505511044,-104.3392499703099
US08007,37.19389314882012,-107.0483639770066
US08009,37.31987654276436,-102.5604748905901
US08011,37.95574475495211,-103.0716994075741
US08013,40.09267569918671,-105.3577007875219
US08014,39.95416804123229,-105.0526396831651
US08015,38.74752563330536,-106.1942209209633
US08017,38.82826115071185,-102.6033866886158
US08019,39.68915767199131,-105.6443918435255
US08021,37.20094054589438,-106.1917023924134
US08023,37.27853652958763,-105.4281783720898
US08025,38.32692567321769,-103.7848193245192
US08027,38.10886659979889,-105.3675051375139
US08029,38.86170742826506,-107.8627145927194
US08031,39.76209762087603,-104.8756496150986
US08033,37.75173069158146,-108.5172446246752
US08035,39.33012139739884,-104.929268694228
US08037,39.62836125718631,-106.6953776373617
US08039,39.28719202586237,-104.1358890585776
US08041,38.83274971879744,-104.5255474172711
US08043,38.47337598576906,-105.4395678994156
US08045,39.59990138589486,-107.9033195808529
US08047,39.85759257637856,-105.5226395994148
US08049,40.10322503570747,-106.1184642968739
US08051,38.66815963337697,-107.0316116058311
US08053,37.82227602420224,-107.3002853474105
US08055,37.68513240127389,-104.9606213648088
US08057,40.66720602355813,-106.3430160579787
US08059,39.58732187145321,-105.2503830744905
US08061,38.43288344272776,-102.7402701296418
US08063,39.30593956715227,-102.6028749324571
US08065,39.20255380432886,-106.3448003497597
US08067,37.28723632009881,-107.8431237980293
US08069,40.66738531543007,-105.4613489428539
US08071,37.31662104328257,-104.0384947574237
US08073,38.99006147058056,-103.5136537736485
US08075,40.72525368900506,-103.1101116198504
US08077,39.01956434520572,-108.465795933072
US08079,37.66949664526632,-106.9241112957828
US08081,40.61955038166099,-108.2072017190077
US08083,37.33908381315863,-108.5964886754453
US08085,38.40254916835839,-108.2690778289048
US08087,40.26324887382717,-103.8098185953333
US08089,37.90317651871517,-103.7163895170257
US08091,38.15575811529672,-107.7694056377461
US08093,39.12048260242159,-105.717305857774
US08095,40.59406317651118,-102.3575771747921
US08097,39.21729831905244,-106.9166356613946
US08099,37.95584738760534,-102.3933468505391
US08101,38.17421427747219,-104.5128800874661
US08103,39.98034987918779,-108.216869585336
US08105,37.5827519494675,-106.3832370726608
US08107,40.48686429739238,-106.9914003064458
US08109,38.08127785157476,-106.2819062008642
US08111,37.76418184946699,-107.676106831674
US08113,38.0038901505635,-108.4060329155191
US08115,40.87602592854217,-102.3517916500833
US08117,39.6346284197184,-106.1165500399137
US08119,38.88284367956287,-105.161843131267
US08121,39.97242908274062,-103.201054839146
US08123,40.55667473686132,-104.3919165109383
US08125,40.00427746629054,-102.4242130655906
MX01001,21.81153560055437,-102.2957712859626
MX01002,22.12657642462301,-102.0456604180052
MX01003,21.90078846164611,-102.7049005184942
MX01004,22.36064173718321,-102.2970435097582
MX01005,21.93215515744755,-102.4456257692213
MX01006,22.10455438348553,-102.301670287796
MX01007,22.26744552301531,-102.3407296700817
MX01008,22.14670973238036,-102.5258434061069
MX01009,22.23700079629875,-102.1921297033985
MX01010,21.92155596919573,-102.0353867358888
MX01011,22.03308468441126,-102.2290180741367
MX02001,30.06258565328732,-114.9622418001302
MX02002,31.75158919563872,-115.1710212933797
MX02003,32.44095939007946,-116.2689952153925
MX02004,32.40420745300234,-116.8198993311602
MX02005,32.25304607173855,-116.8907866491152
MX03001,25.53663306186005,-111.8095742576994
MX03002,27.28920164222939,-113.2271223933517
MX03003,24.18662051248941,-110.6425304856216
MX03008,23.27701110105231,-109.7532001392832
MX03009,25.95461094440035,-111.4491442723151
MX04001,20.38280449005823,-90.2168822715634
MX04002,19.61714661929522,-90.26755632145658
MX04003,18.49931317920802,-91.451407393815
MX04004,19.13458769085496,-90.49921741996792
MX04005,20.12449354802708,-90.13543288980276
MX04006,19.4749084671984,-89.60986049859706
MX04007,18.27332167104022,-91.97386657114647
MX04008,19.96968264651475,-90.23297795410114
MX04009,18.55090678058606,-90.47431083473428
MX04010,18.40397321751086,-89.6615593600524
MX04011,18.09939024276956,-90.71673979837875
MX05001,27.12243961026115,-101.2458132630212
MX05002,29.43304605896328,-102.0101149530164
MX05003,28.27838851321599,-100.9159824474706
MX05004,25.34145294579347,-100.6424031324275
MX05005,26.85268532517949,-100.7992039049441
MX05006,26.58655365748317,-101.387027777138
MX05007,26.69999807216903,-102.2992206571914
MX05008,27.30620802890648,-101.2796838574835
MX05009,26.32096486252785,-103.1807997818877
MX05010,26.94775259618707,-101.5282460403029
MX05011,25.52201881456157,-101.5510991749953
MX05012,28.09784266532604,-100.3938382910173
MX05013,27.8394030012817,-100.050579585063
MX05014,29.0029081191466,-100.9513102520761
MX05015,27.65671901049499,-100.6934133828383
MX05016,27.15060824482271,-101.9137352572258
MX05017,25.55993538519143,-103.2150700274996
MX05018,26.8969287161493,-101.1944120287821
MX05019,28.3277876013911,-101.0833084526495
MX05020,28.40482427934975,-101.9012839963828
MX05021,27.22803262362669,-101.7655534257009
MX05022,28.49651814499605,-100.6204707063516
MX05023,27.97027541431597,-102.8931907081674
MX05024,25.50523470234779,-102.1148594239725
MX05025,28.77992515341176,-100.6145363420373
MX05026,27.42168234485043,-101.0216633728222
MX05027,25.91436164273046,-101.2823598564461
MX05028,27.92330081421383,-101.1430313483532
MX05029,26.9398629305281,-101.7564981637556
MX05030,25.02983185241735,-101.1251547707943
MX05031,27.84237257718859,-101.969796529335
MX05032,28.06407570510207,-101.3898141981764
MX05033,26.08478115759788,-102.7178722864705
MX05034,27.48559918590649,-103.6104448377263
MX05035,25.17079523350527,-103.2491336255846
MX05036,25.2223052827064,-102.925051856813
MX05037,28.09764068242232,-100.7803006798249
MX05038,28.81279567199965,-101.3953675020715
MX06001,19.00943989953318,-103.9984850287844
MX06002,19.11617031570513,-103.6326910197212
MX06003,19.39346607368847,-103.7699856719635
MX06004,19.18815597221401,-103.9207631334846
MX06005,19.32688600282498,-103.5955028891612
MX06006,18.96764385365502,-103.6813510609039
MX06007,19.14953939116431,-104.2958654305196
MX06008,19.37211889202005,-104.0310441582818
MX06009,18.86740851124126,-104.9262968983509
MX06010,19.30961704650622,-103.8444285119616
MX07001,15.41415440372251,-92.68168153381067
MX07002,16.53778862687294,-92.8409066539356
MX07003,15.23377328033164,-92.7723267691884
MX07004,16.66193086020427,-91.86260812955592
MX07005,17.38562151721672,-92.85734448375656
MX07006,15.55710755527319,-92.09750918600594
MX07007,16.51529800737616,-92.39542739282906
MX07008,15.75818655365067,-92.68045625224494
MX07009,16.24886269367247,-93.9374342936652
MX07010,15.49175987546125,-92.16129247057292
MX07011,15.61959360805219,-92.24241693802468
MX07012,16.86678794271961,-93.31910194737704
MX07013,17.014145182186,-92.95879995588145
MX07014,17.03175666212284,-92.74128949913836
MX07015,15.08638434909107,-92.16426330449411
MX07016,17.77991820429903,-91.99758786326734
MX07017,16.71306349614798,-93.86745494058492
MX07018,17.12058480954259,-93.12608210669735
MX07019,16.29700905841266,-92.17899792648012
MX07020,15.96101601187405,-92.77120522437816
MX07021,17.09486744178857,-93.25216046563293
MX07022,17.02128183000816,-92.61180015810304
MX07023,16.81937470830974,-92.68017344198633
MX07024,16.61155658297088,-92.21696447001364
MX07025,17.32680649598448,-93.1315387403411
MX07026,16.95017209752562,-92.57043057719868
MX07027,16.59825528020788,-92.97065321525469
MX07028,16.55397549453119,-92.72594356867909
MX07029,16.99533900931769,-93.11152051593288
MX07030,15.79906946724884,-92.39128584476512
MX07031,17.10973582482831,-92.0351198170873
MX07032,15.36445807535537,-92.55816159475324
MX07033,17.29408260910177,-93.27618892253533
MX07034,15.76281752534312,-92.08801358143224
MX07035,14.7499959493085,-92.21329430155672
MX07036,15.51300235426485,-92.2184010520845
MX07037,15.00941360778716,-92.4237699785884
MX07038,16.69429046512228,-92.39963903590142
MX07039,17.24318536241499,-92.69493242789926
MX07040,15.0970722591659,-92.54678149853406
MX07041,16.20471181652224,-91.79580687918074
MX07042,17.29853579805521,-92.97862931221675
MX07043,17.42140735082362,-93.09902072310436
MX07044,16.81796941450702,-92.896992898252
MX07045,17.46688608278177,-92.97559534989789
MX07046,16.52286511721448,-93.67203489353952
MX07047,17.08962744813289,-92.87441858640976
MX07048,17.69948406883736,-93.19333057372536
MX07049,16.9243929059412,-92.77668065904965
MX07050,17.606663483252,-91.75108145899245
MX07051,15.46116104530776,-92.8914151559614
MX07052,16.38571710543711,-91.74037318100848
MX07053,15.37317341379581,-92.18589705744913
MX07054,14.88048911554038,-92.4971827370026
MX07055,14.82164188625514,-92.20165081618104
MX07056,16.87481109966797,-92.56310056206176
MX07057,15.31385468718943,-92.3314712984
MX07058,16.43820345948478,-92.61004928077624
MX07059,16.70240108783308,-91.33829858411384
MX07060,17.22080043825358,-93.17387579179436
MX07061,16.81994020458665,-93.48668420987568
MX07062,17.4332923044492,-93.3968911222098
MX07063,16.8952404781745,-93.0838050981664
MX07064,16.78101940549541,-92.27480108289056
MX07065,17.44438204378056,-91.81291388249376
MX07066,17.0601173550978,-92.46406611532016
MX07067,17.18920248716628,-93.05690233997822
MX07068,17.53039088996571,-93.19861919231172
MX07069,15.67012846325578,-93.19175777315972
MX07070,15.43254871420289,-92.26392572295094
MX07071,15.16546547706378,-92.61954849194996
MX07072,17.21784342435562,-92.88120981334446
MX07073,17.19222549301828,-92.9965755014275
MX07074,17.86424400804385,-93.22938217698233
MX07075,16.36532347498414,-92.36472746175228
MX07076,17.31985953749118,-92.61077446122216
MX07077,17.43770572583569,-92.18719998439876
MX07078,16.67831652744605,-92.5899530217093
MX07079,16.91263817740625,-93.20937812460863
MX07080,15.54734390382123,-92.45622552879952
MX07081,17.13893083914246,-92.62501474907684
MX07082,17.03727004070725,-92.34828963634902
MX07083,16.10649094619294,-92.37595757872742
MX07084,17.38700606381687,-93.00479320426544
MX07085,16.92597367549186,-92.9886778346929
MX07086,16.58556264282375,-93.136331152473
MX07087,14.63965934472496,-92.2270905331397
MX07088,17.48886202718525,-93.2515882087836
MX07089,14.93455045188128,-92.30464033154712
MX07090,17.22012157651569,-93.11231556164957
MX07091,17.25097064041298,-92.99727775372922
MX07092,17.20819674810241,-93.51072198815686
MX07093,16.83320395593303,-92.47200755467183
MX07094,16.56111883020087,-92.50881009956208
MX07096,17.37927181345247,-92.4858376129713
MX07097,15.99088956631631,-93.6538566377944
MX07098,16.51516238139711,-92.65996105645162
MX07099,16.02459342747443,-91.89937083306565
MX07100,17.30080441703227,-92.26963239431984
MX07101,16.73946403499653,-93.13728338414468
MX07102,14.89404710913432,-92.19879440422451
MX07103,15.14045742591349,-92.41156139209028
MX07104,16.12412660519152,-92.24643761373646
MX07105,15.05972829465567,-92.10426286553697
MX07106,16.31736937443967,-92.60789179385053
MX07107,16.11228215346343,-93.19755735373116
MX07108,16.34620451068958,-93.37515533356267
MX07109,17.18556811713268,-92.3258420346952
MX07110,16.6224766059699,-92.7237867858596
MX07111,16.72192378969601,-92.78198094390066
MX07112,16.93017304388046,-92.39166800000636
MX07113,16.92183484248445,-92.6901769856055
MX07114,16.28169900168381,-90.56334516771396
MX07115,16.19922779699767,-91.2485954625074
MX07116,16.24646584188986,-90.74335744224032
MX07117,15.6716866063333,-92.6643855514626
MX07118,17.15401833554598,-92.80308976303408
MX07119,16.94936560011014,-92.72154874805284
MX08001,30.45132351705505,-106.3810846092976
MX08002,29.07417383692167,-105.5887666804997
MX08003,27.09539790919747,-105.3054434428554
MX08004,28.58228039583901,-105.8234663994099
MX08005,31.33312595210679,-107.519780955713
MX08006,28.85813872740393,-107.2916568032468
MX08007,26.75374622349401,-106.5430442179775
MX08008,26.94569362887931,-107.6932132736124
MX08009,27.80808198368235,-107.5801343690914
MX08010,30.06002140431488,-107.1217182695036
MX08011,28.03541632686,-104.4230989820894
MX08012,27.81052481897598,-107.0633472925304
MX08013,30.19458705168509,-108.202181052054
MX08014,26.63406428133877,-105.0699578651224
MX08015,29.75906579433143,-105.2082354757041
MX08016,27.8977137273125,-105.0448481570182
MX08017,28.72421270833813,-106.9488225490244
MX08018,28.21171417090058,-106.8969472851349
MX08019,29.00368446913928,-106.232867467635
MX08020,27.45655184655061,-108.516347960317
MX08021,28.11955871306861,-105.4918245493549
MX08022,28.00016262599095,-106.4611592346358
MX08023,30.16097062504533,-107.6446141529828
MX08024,28.32127885908469,-106.3495697423431
MX08025,29.33666456357851,-107.7373394712439
MX08026,28.29884082667096,-106.5694339121922
MX08027,27.15148184708768,-107.2479741378603
MX08028,30.82842761566532,-105.6414462877044
MX08029,26.16882772135159,-107.0342279830225
MX08030,27.39137986639327,-108.2739656166182
MX08031,28.38561010184902,-107.5580240285654
MX08032,27.12923337262272,-105.6970229104942
MX08033,27.06943768094556,-106.0679323673582
MX08034,29.72241386428586,-107.7236289399606
MX08035,30.85044542731029,-108.4502513552759
MX08036,27.08310473608147,-104.3906223125815
MX08037,31.45011531288835,-106.5641863778657
MX08038,28.5412909703136,-105.0544849621255
MX08039,26.92642480843089,-105.0110705536188
MX08040,29.32845111794333,-108.3292801116832
MX08041,27.83647905944455,-107.9732972464788
MX08042,28.929300740237,-103.8248132067507
MX08043,28.82418918234583,-107.7206152765584
MX08044,26.72516435016006,-105.5229272400526
MX08045,28.35067174854967,-105.501482311642
MX08046,26.57170280247883,-107.7281041862755
MX08047,28.15285001383252,-108.7372424972199
MX08048,29.29565863267684,-107.140176554157
MX08049,27.42478491641837,-106.6842421096869
MX08050,30.53329069721274,-107.7290321359832
MX08051,28.15376439494131,-108.2048630590078
MX08052,29.36666777638631,-104.5260005118954
MX08053,31.23815883649284,-105.9259676629963
MX08054,28.80706651572815,-106.617236873831
MX08055,28.20545451618805,-105.7477063436287
MX08056,27.26897231436885,-106.3146618295157
MX08057,27.89264233362363,-106.7352140122178
MX08058,27.58227961577717,-105.3622788940736
MX08059,26.88528715508989,-105.9462257403003
MX08060,26.80395893989155,-105.7829127362239
MX08061,27.77906833741193,-106.1929895576387
MX08062,28.00146958841936,-105.34276125986
MX08063,28.71556362242478,-108.084450362073
MX08064,27.04518693458827,-106.297482170944
MX08065,27.22680899689026,-107.9763064476681
MX08066,27.86177035021715,-108.5065951853213
MX08067,27.48723256167429,-105.8083309402516
MX09002,19.4853303071592,-99.18210743090154
MX09003,19.32666942716738,-99.15037637368196
MX09004,19.32464809232222,-99.31072356304212
MX09005,19.50407754690318,-99.11586775882012
MX09006,19.39691272021869,-99.09432914973168
MX09007,19.34916799483438,-99.05679909217724
MX09008,19.26898610010048,-99.26840927071176
MX09009,19.13947314294618,-99.05109229089769
MX09010,19.33618829619611,-99.24681283674217
MX09011,19.27700335756927,-99.00281798373516
MX09012,19.19836887490338,-99.20621816430152
MX09013,19.24515244060558,-99.09036248060674
MX09014,19.38064369775907,-99.16113450280052
MX09015,19.43137619790003,-99.14905532633372
MX09016,19.42806644202086,-99.20456564430502
MX09017,19.43049688788019,-99.0931056125691
MX10001,24.51129887547891,-104.9358571776218
MX10002,25.07275688078668,-106.4511038115023
MX10003,25.03412491374078,-104.7838093946772
MX10004,24.69599146173781,-103.7002016687959
MX10005,23.97106923281689,-104.8436264184456
MX10006,24.76201409002832,-103.2122651849317
MX10007,25.72805461684462,-103.4906235634193
MX10008,24.41290236390559,-104.0733229094534
MX10009,25.99686500545177,-106.0673698694615
MX10010,26.09096636748392,-104.8171898139608
MX10011,25.72674177263152,-104.9958028872822
MX10012,25.47791710008469,-103.6859038041425
MX10013,26.14715378477197,-104.1315187105359
MX10014,23.00332790969857,-104.5506118793352
MX10015,25.24737266115439,-104.0776306794963
MX10016,23.81397080207933,-104.2111404926798
MX10017,26.48219494398397,-105.6770109284803
MX10018,25.5495804669493,-105.216094804106
MX10019,24.70154487795784,-105.9364099855136
MX10020,24.49497525166941,-104.3540470110003
MX10021,24.78616268209986,-104.0823714667569
MX10022,24.0036531943652,-104.0219676389796
MX10023,23.41210310677056,-105.3144848632033
MX10024,25.1954366238617,-104.5616452634302
MX10025,26.1844310035604,-105.6725365034479
MX10026,24.22919410654476,-105.7422281404207
MX10027,24.64779794596995,-102.7180311542526
MX10028,24.80750218274616,-104.4703711909156
MX10029,25.37613332083384,-104.3064840458294
MX10030,25.62205955739472,-104.3982313418213
MX10031,24.49789860392674,-103.4137498630008
MX10032,24.98452557996058,-105.6902566775353
MX10033,23.43713750523026,-104.1495391197988
MX10034,24.94851690420547,-106.7126722857396
MX10035,25.45059428653215,-106.0617403951067
MX10036,26.34561443188188,-103.6256449431819
MX10037,25.25682004792052,-106.589751967846
MX10038,23.73338247503836,-103.9510310853696
MX10039,24.8468853210667,-105.0379997179076
MX11001,20.53336738077993,-101.536024201853
MX11002,20.05251142356629,-100.7519531120242
MX11003,20.92532648409221,-100.7377085666113
MX11004,20.42186713226279,-100.5735202134514
MX11005,20.57554015076656,-100.6217276658451
MX11006,21.26522879585307,-99.80444049659772
MX11007,20.53763974947623,-100.7878625178761
MX11008,20.71299774211318,-101.8797870927823
MX11009,20.74128657936768,-100.7911255457526
MX11010,20.21701764106588,-100.383595664294
MX11011,20.42913354895209,-100.9383733163973
MX11012,20.61524469721131,-101.6680132404881
MX11013,21.14161246593417,-100.3596367684553
MX11014,21.14713388310707,-100.9347509907857
MX11015,21.0185589020919,-101.2373370886037
MX11016,20.36737073013612,-101.4990028093716
MX11017,20.69988553474015,-101.3682990463968
MX11018,20.35881494079737,-101.052091066863
MX11019,20.19720465587852,-100.5078992154095
MX11020,21.12484522071519,-101.6223922746491
MX11021,20.08432760897666,-101.2446890472808
MX11022,21.57969310349625,-101.4730055725039
MX11023,20.40171535417792,-101.8158502077913
MX11024,20.54993134682196,-101.3612570579532
MX11025,20.92758993850012,-101.9285316555758
MX11026,20.82582086253599,-101.5951222686993
MX11027,20.62521440838862,-101.1650892453438
MX11028,20.20763509133629,-100.9151253334485
MX11029,21.44222651242756,-100.8464187000316
MX11030,21.50351580136938,-101.2336289843158
MX11031,20.91916372617773,-101.7885219752947
MX11032,21.00235212846202,-100.3885956605318
MX11033,21.39960976159744,-100.4761847314003
MX11034,21.15069730193427,-100.0719052448614
MX11035,20.67414224878283,-100.9940937020461
MX11036,20.1582391817088,-100.9903631545034
MX11037,20.96317528555755,-101.437788630365
MX11038,20.0044900511238,-100.5289066549076
MX11039,20.29677057258403,-100.7414928297642
MX11040,21.03231937820389,-100.1560087210058
MX11041,20.11970418685308,-101.152617287673
MX11042,20.37837377331709,-101.2705588636385
MX11043,21.36612790143333,-100.2145845204716
MX11044,20.54196555079396,-100.9925121881154
MX11045,21.35682996749349,-99.97851101276308
MX11046,20.18318668190918,-101.2255126867577
MX12001,16.95766779204059,-99.71452802726591
MX12002,17.75231915423291,-98.95138181479432
MX12003,17.91928574653361,-100.6076846539386
MX12004,17.37596777301485,-98.36612610471693
MX12005,17.64224391818175,-98.51056980541924
MX12006,18.09127843278415,-99.98089851496697
MX12007,18.25268007195758,-100.1987876482099
MX12008,18.14440142362846,-99.06995559248428
MX12009,17.27025344069643,-98.58268389273364
MX12010,17.5144180628023,-98.90304836717011
MX12011,17.33293182497412,-100.3420617690574
MX12012,16.95735058658836,-99.0675576682034
MX12013,16.68421157736674,-98.57273929623172
MX12014,17.09655645483191,-100.4271327047146
MX12015,18.46158905969307,-99.42073471156117
MX12016,18.28324888466846,-101.6494916154211
MX12017,18.13238872633719,-99.71364991839268
MX12018,16.60812176615774,-98.93097670702072
MX12019,17.98218536661478,-99.05202411836132
MX12020,17.43264846853162,-98.70190904463576
MX12021,17.14266935513365,-100.0589704177481
MX12022,18.08207265691437,-100.9298456673367
MX12023,16.46170001262151,-98.51769843600972
MX12024,17.73831421274954,-98.67125546871338
MX12025,16.71855302737647,-98.96370784847808
MX12026,18.12486867324935,-99.8146881675459
MX12027,18.65993205473983,-100.6179228962528
MX12028,17.5237478208633,-99.11238095620512
MX12029,17.39091925018835,-99.69743474579754
MX12030,16.70299289799148,-99.1399214441612
MX12031,18.44114084129998,-100.1041736361693
MX12032,17.73400518864492,-100.0269162549913
MX12033,17.81220797425364,-98.54709087145844
MX12034,18.22995615255384,-99.25340636762596
MX12035,18.2269220783536,-99.58208985251424
MX12036,16.80176230831898,-98.4932893873568
MX12037,18.46346578043966,-99.76559234842868
MX12038,17.82038467909665,-101.4339588108898
MX12039,17.14215275932725,-99.47292536288847
MX12040,17.63197343330476,-99.79579196495666
MX12041,17.14613958131163,-98.7045951640172
MX12042,17.83254388043926,-99.3575845619738
MX12043,17.13415451259695,-98.43973620255991
MX12044,17.33690061324848,-99.3705976769449
MX12045,17.89661434134226,-98.7839033002593
MX12046,16.66193720168222,-98.3523650595315
MX12047,18.54468371978754,-99.86921232361568
MX12048,17.62043701764964,-101.1597670326106
MX12049,18.70424008733583,-99.60783756064514
MX12050,18.34563240893753,-100.6114721267347
MX12051,17.31287959846912,-99.18521895436372
MX12052,16.87642508085541,-98.75107793957925
MX12053,16.80895629783011,-99.40871456892128
MX12054,17.84006574171834,-100.3182416458328
MX12055,18.52008416362124,-99.59743423271316
MX12056,16.98050788611776,-99.29490467020152
MX12057,17.40609802462693,-100.7443642834851
MX12058,18.35833687850223,-99.9140843782708
MX12059,18.10108009472644,-99.46938507186935
MX12060,18.64884923302071,-99.67176506884245
MX12061,17.59937913079366,-99.36747215878258
MX12062,16.93914834960052,-98.27709671409374
MX12063,17.23005137114916,-98.78614051781658
MX12064,18.42806995888001,-100.4350319852235
MX12065,17.5716598674227,-98.40920022129905
MX12066,17.56221753645508,-98.61555645628653
MX12067,18.28029357288626,-100.4533320806804
MX12068,18.01691342832317,-101.8548140070177
MX12069,17.4298307900854,-98.54148586249356
MX12070,17.90453142516738,-98.50930222062344
MX12071,16.86949598098448,-98.15725830558708
MX12072,17.32460815383053,-98.8295038018712
MX12073,18.34502004731078,-101.2182334937517
MX12074,17.74960699874228,-99.18510288755188
MX12075,17.80157197592846,-99.60979489249154
MX12076,17.17486551280259,-98.97602787419714
MX12077,16.64043868269906,-98.74542972984968
MX12078,17.10062593644805,-98.42388318052248
MX12079,17.4426439802291,-98.9959409968108
MX12080,16.59463143394476,-98.6781673770498
MX12081,17.04711407819911,-98.63787947378827
MX13001,20.20646687703226,-98.44034715268752
MX13002,20.15986859803213,-98.1984043607046
MX13003,20.31457673541946,-98.88968232339234
MX13004,20.36157368166616,-98.36937281465086
MX13005,20.11984632538868,-99.07802403207516
MX13006,20.40711713191535,-99.40540288170332
MX13007,19.74164360506331,-98.32706552849176
MX13008,19.72294927102014,-98.4469865482205
MX13009,20.21715600042761,-98.88257618457118
MX13010,20.05474809506284,-99.2213739031907
MX13011,21.02732606746226,-98.36355173610622
MX13012,20.354862280846,-98.67648758107444
MX13013,19.97346205317074,-99.23137265616498
MX13014,20.90606397602885,-98.54848587624828
MX13015,20.59924028130236,-99.06020121168544
MX13016,19.98434438497755,-98.28165822025818
MX13017,20.26370276690671,-99.47164122806598
MX13018,21.12845283165199,-98.94966568614208
MX13019,20.32434411731825,-99.2551256018194
MX13020,20.74142422367451,-98.88033083201309
MX13021,19.65930611617277,-98.6002707307435
MX13022,20.03160068900573,-98.64348144742088
MX13023,20.2352856251305,-99.080285211249
MX13024,20.22593920341331,-98.54312639000948
MX13025,21.0382851135518,-98.24713878187336
MX13026,20.99750462910908,-98.4891323845177
MX13027,20.51412840181545,-98.0641851131637
MX13028,21.12725836115479,-98.4517141643641
MX13029,20.38384526712333,-99.68072644908796
MX13030,20.5325878206226,-99.20133104638066
MX13031,20.97001888054974,-99.1472370984683
MX13032,21.14848235914655,-98.52757216056624
MX13033,20.83159015106494,-98.83574906589176
MX13034,20.96225438640954,-98.72332073320298
MX13035,20.25782425704547,-98.34292434728364
MX13036,20.52381817877897,-98.60527899273389
MX13037,20.56551168039927,-98.80965246581172
MX13038,20.22305401457203,-98.7535591275795
MX13039,20.14036235972369,-98.65883468757308
MX13040,21.07098894513696,-99.0705204386306
MX13041,20.22386722831321,-99.1807229705338
MX13042,20.86443290037222,-98.7764298841829
MX13043,20.78649909396865,-99.1754090445146
MX13044,20.23300272839246,-99.67268951663192
MX13045,20.17375533075439,-98.62196851481676
MX13046,21.26040149087529,-98.58166287963589
MX13047,20.99981125848055,-99.31541146660136
MX13048,20.10209694678518,-98.78222439787596
MX13049,21.23450096738929,-98.98883119490768
MX13050,20.31434342034285,-99.1781540966435
MX13051,20.05900372563001,-98.71969977575274
MX13052,20.0955972622932,-98.94002348578802
MX13053,20.46848478099239,-98.19129466519968
MX13054,20.30477464717427,-99.04787153927826
MX13055,20.41238902149796,-98.98284874832116
MX13056,20.03565477556073,-98.39277802474984
MX13057,19.98763568091682,-98.49547014436249
MX13058,20.54234961101937,-99.37583394492292
MX13059,20.53928634216857,-99.632414873831
MX13060,20.34336740247491,-98.2108265100199
MX13061,19.8155616692526,-98.4947708441885
MX13062,21.06145934850441,-98.83293996754044
MX13063,19.9026932660863,-99.36350752495728
MX13064,20.19423434926863,-99.3987055201369
MX13065,20.11441194157517,-99.15182635954132
MX13066,19.91282778854939,-98.80336457463324
MX13067,20.17887948290201,-99.29328270729916
MX13068,20.78070579363846,-98.53912517272911
MX13069,19.85253123157958,-98.96118387022533
MX13070,20.13436817978853,-99.20855009703104
MX13071,20.86667427446058,-98.97237974131131
MX13072,19.83520725405219,-98.58692801813125
MX13073,21.03187246767352,-98.64818933654584
MX13074,20.09712409822751,-99.23704848701196
MX13075,19.95441147671455,-98.92653339847467
MX13076,20.06415413475862,-99.37675396514304
MX13077,20.12361504928566,-98.3509326175155
MX13078,20.85787562617421,-98.2880884792912
MX13079,20.7914534757884,-98.64124870604832
MX13080,20.9162622206609,-98.38351808596046
MX13081,20.65076184176533,-98.5867189809772
MX13082,19.98941681403432,-98.85891705356524
MX13083,19.92314933023892,-98.67234243273413
MX13084,20.75295428640945,-99.3657159358994
MX14001,20.7700727531595,-102.9091557645295
MX14002,20.42850889603271,-103.6088519660318
MX14003,20.71149032965954,-103.9353478193695
MX14004,19.99995820695637,-103.6225815649451
MX14005,20.85000373191748,-103.7172494774076
MX14006,20.54170802605564,-104.0805486832062
MX14007,20.80912316122263,-104.0067840490467
MX14008,20.76652665581454,-102.3006356757836
MX14009,20.75498054858603,-103.679015220191
MX14010,20.17297922941676,-103.7316648506208
MX14011,20.31810272640863,-104.2739231305059
MX14012,20.33679752117602,-104.5506573334337
MX14013,20.54760014680834,-102.5396103698341
MX14014,19.99646755559576,-103.4704686853088
MX14015,19.74352768096312,-104.3121768538097
MX14016,20.48886506269939,-102.3429277608573
MX14017,20.0503297124092,-104.4348003651522
MX14018,20.36384491597143,-102.5232945867169
MX14019,21.87468301690116,-103.9204643111837
MX14020,20.34238144851257,-105.406496878476
MX14021,19.60299417943294,-104.4701550199175
MX14022,19.27804093129,-104.6145295837784
MX14023,19.71078932818309,-103.510337012784
MX14024,20.39039756494064,-103.824455983291
MX14025,22.09175994108972,-103.287215667481
MX14026,19.98243575790717,-103.2364282588281
MX14027,19.43569399527456,-104.3110294923959
MX14028,20.19301460551113,-104.5098490885624
MX14029,20.95245923565599,-103.0287171654403
MX14030,20.25988503095099,-103.1879093328143
MX14031,21.7299888386547,-103.6599622879856
MX14032,20.08230905731457,-103.8801768092305
MX14033,20.44791467427948,-102.167778482177
MX14034,19.91242908954221,-104.0816193805236
MX14035,21.55579092850465,-102.191446976787
MX14036,20.74364411565829,-104.123763501431
MX14037,19.80107991791449,-104.1951371297559
MX14038,20.67902641101844,-104.4216161580256
MX14039,20.67598127036813,-103.3358047682881
MX14040,21.05750397870672,-104.075416126165
MX14041,22.31857631861772,-103.2339992572918
MX14042,22.58385277792387,-103.9162005468534
MX14043,19.51485901532614,-104.863102131052
MX14044,20.39175493828414,-103.2075436176568
MX14045,20.8986535110355,-103.2278194832714
MX14046,21.19170976651828,-102.4893491243742
MX14047,20.28014491592345,-102.685674602965
MX14048,20.63550723790612,-102.1198645215405
MX14049,19.32957809988076,-102.881077862685
MX14050,20.31454069118194,-103.4171846288794
MX14051,20.48173378521589,-103.1352131632145
MX14052,20.05426111231581,-104.0366576646605
MX14053,21.49430422754868,-101.8796640662114
MX14054,19.84080401046507,-104.1003161292291
MX14055,20.90826705587088,-104.0307803737222
MX14056,19.52922934658784,-102.8386668268557
MX14057,20.02151970385634,-103.1078373792545
MX14058,20.57907747446632,-104.8140704064275
MX14059,19.8942579367477,-103.0725373786518
MX14060,21.26387264249271,-102.7535316096584
MX14061,22.22271234997757,-103.9943218056223
MX14062,20.50897932075151,-104.4529566803421
MX14063,20.39745621160946,-102.7240444210046
MX14064,21.81095760731996,-101.7151482981814
MX14065,19.14663979724968,-103.3818525416766
MX14066,20.27026701294587,-102.8947375557032
MX14067,20.69802876965268,-105.1490250596779
MX14068,19.80728133405725,-104.7228384001148
MX14069,19.80461388961494,-102.8682315305486
MX14070,20.53668402449384,-103.2468079828839
MX14071,21.04790406035123,-103.5001571039784
MX14072,20.97014828358041,-102.0234521636811
MX14073,21.26975755367259,-102.2943617033991
MX14074,20.99770148525608,-102.1634751785792
MX14075,20.82470787206477,-104.2320470715611
MX14076,21.59598696967869,-103.7850353826141
MX14077,20.44997396011673,-103.905110192132
MX14078,20.99266761582887,-102.3796150208554
MX14079,19.85647545150853,-103.4171737663899
MX14080,20.85250991703906,-104.826117445488
MX14081,22.19332481563495,-103.1812866728409
MX14082,19.86177902214142,-103.5946428496133
MX14083,20.61061615603937,-103.692495179388
MX14084,20.29958418337017,-104.9535140101086
MX14085,19.68759154034477,-103.1793086869364
MX14086,19.94829117362643,-103.7654681258154
MX14087,19.22552288268718,-103.1925712363979
MX14088,20.25928863622811,-104.0242048600324
MX14089,20.09243873837481,-103.5752610502063
MX14090,20.14694916469097,-104.1655391096044
MX14091,21.4804658914882,-102.5544776372934
MX14092,20.10872798036694,-103.3471488533067
MX14093,20.81497043071747,-102.7208448503823
MX14094,21.11269654843645,-103.7809295308584
MX14095,20.67928175967662,-103.8323814586129
MX14096,20.11963300469496,-103.0710681586903
MX14097,20.48421905376367,-103.4259568603284
MX14098,20.59091447703335,-103.3489049667017
MX14099,19.55291572697862,-103.9305613309491
MX14100,19.97967779225157,-105.1647528879538
MX14101,20.61677917414775,-103.2139058766054
MX14102,19.84793597336807,-103.9501710574379
MX14103,19.43211666625128,-103.5350963080157
MX14104,21.95897966734028,-103.478562357029
MX14105,20.54874909834115,-102.7487211213993
MX14106,19.68124491272634,-104.0331574223166
MX14107,20.14691534236734,-103.2420486900638
MX14108,19.47912166292565,-103.4572728474016
MX14109,21.15470836356003,-101.9971834504157
MX14110,19.99290825542042,-104.2557106020284
MX14111,21.04653471593231,-102.6509576944039
MX14112,19.83529846943503,-102.9726089539154
MX14113,19.70994993201346,-103.7389216199932
MX14114,20.38969552356065,-103.7088603168514
MX14115,22.02883003635539,-103.6866737301206
MX14116,21.66773685945428,-102.5935993159976
MX14117,21.15984203431291,-102.7012165149502
MX14118,21.13797614449094,-102.9336735269207
MX14119,20.23554833856857,-103.5680673910316
MX14120,20.79499460950649,-103.4941841376594
MX14121,19.62164542777954,-103.3458009666351
MX14122,19.51558780600505,-103.7583325429986
MX14123,20.46087584030642,-102.9249709700622
MX14124,20.63609801263249,-103.048852328713
MX14125,20.76462353726552,-102.5064018396327
MX15001,19.97296671535174,-99.87154179890578
MX15002,19.63378026027426,-98.91986552224527
MX15003,20.11570665747233,-99.83335748005948
MX15004,18.83298187065281,-99.86679901478657
MX15005,19.40562638861061,-99.82945543237064
MX15006,19.15878000376167,-99.49187309169696
MX15007,19.25094287921566,-99.98839314144509
MX15008,18.70301268962114,-100.2668020412067
MX15009,19.12495772737494,-98.71648998354527
MX15010,19.98451420435103,-99.147896605108
MX15011,19.54565382267937,-98.96156935389476
MX15012,19.17554586377769,-99.49997514413424
MX15013,19.56481159188997,-99.27404279301858
MX15014,19.80997199599925,-99.84601820100212
MX15015,19.03111720176857,-98.71706028289933
MX15016,19.76308077610534,-98.72130677998874
MX15017,19.12429548930293,-98.81635545430896
MX15018,19.16553618303807,-99.64327164907463
MX15019,19.20870354933105,-99.45973816323664
MX15020,19.62629350257379,-99.1023949482075
MX15021,18.94636301409081,-99.7982611321356
MX15022,19.22603049241107,-98.85889522455798
MX15023,19.78998654993545,-99.22220578039288
MX15024,19.70824806792312,-99.15942262577322
MX15025,19.2536127226048,-98.83168458409368
MX15026,19.82577108126495,-99.55094103374668
MX15027,19.20650675747371,-99.55045285438078
MX15028,19.57303921528808,-98.88338520215392
MX15029,19.40541919464931,-98.87810748714358
MX15030,19.55627976317529,-98.89669600298976
MX15031,19.41624047827096,-98.94716816070266
MX15032,19.31645365406662,-100.1848532124458
MX15033,19.57279990041843,-99.04321026116956
MX15034,18.96802390259242,-98.73664832194471
MX15035,19.82263964313039,-99.2550233282381
MX15036,19.95243712336649,-99.02800474582985
MX15037,19.38311053408779,-99.3395238684646
MX15038,19.55424570210797,-99.440373366034
MX15039,19.3428077346863,-98.7790459032728
MX15040,18.85070436669267,-99.69084043155378
MX15041,19.25743489104156,-100.2778514827182
MX15042,19.5898842653156,-99.80697290748844
MX15043,19.16524851767436,-99.359271287209
MX15044,19.73872749038604,-99.08893216804351
MX15045,20.01917283343175,-99.5965810137236
MX15046,19.50605404003403,-99.39043607932273
MX15047,19.5860561612162,-99.64160442305648
MX15048,19.71735278519336,-99.82349600159804
MX15049,19.06757347284189,-99.5144812505229
MX15050,19.09360303496312,-98.90408544103364
MX15051,19.34509363831165,-99.47485467327452
MX15052,18.88195027189561,-99.48564545161592
MX15053,19.70965075904662,-99.13354689143198
MX15054,19.24738848746396,-99.58836648332894
MX15055,19.21124779708822,-99.58402215558762
MX15056,19.74346891202417,-99.6417824656304
MX15057,19.47126043704828,-99.29260308424686
MX15058,19.42258895305724,-99.0227030591585
MX15059,19.72994508302928,-99.07452487248732
MX15060,19.62498070063717,-99.39172423747932
MX15061,19.81232127616114,-98.71708839082008
MX15062,19.25947232895314,-99.40664254435032
MX15063,19.00926654071738,-99.39641534608948
MX15064,19.79882231850637,-100.0754920784056
MX15065,19.65602713077897,-98.73839405382364
MX15066,19.10803679024691,-100.3189455407274
MX15067,19.45064569211052,-99.52728533722924
MX15068,19.02189904474406,-98.80962281083475
MX15069,19.55988205373059,-98.85785975795488
MX15070,19.36102007130609,-98.94769819353206
MX15071,20.22408878128311,-99.83168855706974
MX15072,19.13888037109818,-99.56707542026416
MX15073,19.16888342335005,-99.55128608484864
MX15074,19.65324367830646,-99.98252731896932
MX15075,19.71977968864064,-98.83219673286136
MX15076,19.26553186129888,-99.53968835030952
MX15077,18.98006247574094,-100.0368685390136
MX15078,19.17969191717492,-100.2998148965943
MX15079,20.05181511265404,-99.51387727552766
MX15080,18.73466668530754,-99.98920548355252
MX15081,19.70585597630625,-98.98650310811632
MX15082,18.87383199656087,-100.2130697360338
MX15083,19.18893551420558,-98.8837761370238
MX15084,19.81913597298341,-98.88106569241248
MX15085,19.92128641691659,-100.037015073139
MX15086,19.08138741983098,-99.9965793439853
MX15087,19.48497396487888,-99.60246258176294
MX15088,18.96703975754774,-99.56922181326682
MX15089,19.15163922009127,-98.87015048394215
MX15090,19.08167124985142,-99.62926241522608
MX15091,19.76221054209757,-99.16818428439032
MX15092,19.6863255097251,-98.87066436225096
MX15093,19.56939448571011,-98.765479103906
MX15094,19.0099451501602,-98.84128325656152
MX15095,19.72522134845953,-99.30619341459466
MX15096,19.90465624751873,-99.14958904982376
MX15097,18.93957368723501,-99.9392951804347
MX15098,19.12964607506461,-99.50642972858212
MX15099,19.47163583166158,-98.82779703167436
MX15100,19.59686580384989,-98.9310087592844
MX15101,19.16231552670484,-99.43216653244065
MX15102,19.89637081179866,-99.71803782867126
MX15103,19.20890753185446,-98.73196642401427
MX15104,19.54274910110703,-99.17014687278748
MX15105,18.54452355499264,-100.2570748926306
MX15106,19.29716415721503,-99.66638965849305
MX15107,18.78090896712079,-99.63756181522876
MX15108,19.67930782727122,-99.11964723279394
MX15109,19.62621825591923,-99.14528451465124
MX15110,19.1777899071828,-100.1219561838436
MX15111,19.38726146280701,-100.1375664388902
MX15112,19.72109789433751,-99.47841940433578
MX15113,18.97432551369513,-99.68773719672598
MX15114,19.44278391227631,-99.99214155248184
MX15115,19.43695532185694,-99.46759506280624
MX15116,19.06083682984672,-100.256109046201
MX15117,18.71585105179352,-99.8128002936915
MX15118,19.21544271851102,-99.79769874888916
MX15119,18.80014843963175,-99.55409714713994
MX15120,19.80912123970495,-99.0718239309788
MX15121,19.65457618661322,-99.22518439900544
MX15122,19.27639562375455,-98.94836036246818
MX15123,18.94084891968018,-100.4064789024747
MX15124,19.619639816601,-100.1453327332439
MX15125,19.6818369761417,-99.05836517135413
MX16001,19.4658419092926,-101.339998353891
MX16002,18.77789222265234,-102.7610670463405
MX16003,19.87355509989057,-101.0217546329704
MX16004,20.1389264648401,-101.7277572906344
MX16005,19.62923307066633,-100.2985274743289
MX16006,18.93833312410741,-102.4232999648077
MX16007,19.6619849107748,-100.3954257066647
MX16008,18.37446908420057,-103.235904137219
MX16009,19.1563911953763,-101.7066729532184
MX16010,18.36423078323723,-102.2705732888683
MX16011,20.23754626665614,-102.5897928813778
MX16012,19.20395695455094,-102.5838588219318
MX16013,18.96889155068574,-101.0363079161072
MX16014,18.7428984273998,-103.6153213774971
MX16015,18.67995282879454,-103.0860113288146
MX16016,19.7953195160847,-101.6272442058411
MX16017,19.9593407265705,-100.2075948868684
MX16018,19.91628816258305,-101.2214022112987
MX16019,19.75913393806611,-102.6999535542028
MX16020,19.98061259226582,-101.11182872659
MX16021,19.69244881607169,-102.2279715889197
MX16022,19.66894638050866,-101.0133113541144
MX16023,20.04403875669627,-102.4467074936389
MX16024,19.7346305019558,-101.9897386454984
MX16025,19.8133687397558,-102.101165275072
MX16026,18.7640070050902,-103.408956707736
MX16027,19.8969643451433,-101.362189006928
MX16028,20.12891266339543,-102.0780367005657
MX16029,18.68932306451738,-101.6162330934547
MX16030,20.15557291814798,-102.2434159015079
MX16031,20.14738593490878,-100.2893381670073
MX16032,19.61980598611116,-101.7252158134182
MX16033,19.15885065327998,-102.0071380621652
MX16034,19.61271257202906,-100.6778736986172
MX16035,18.84206263726813,-101.9211353640476
MX16036,19.99613430207284,-101.277766446579
MX16037,19.89196204685222,-101.4964799745662
MX16038,18.65395220860558,-101.1050480337753
MX16039,19.52154786524787,-101.4570627111561
MX16040,19.76604445959578,-100.9421635895662
MX16041,19.71681390839255,-100.4680012607722
MX16042,20.15137606487176,-102.4057197779655
MX16043,19.93494876523316,-102.3160035563052
MX16044,19.92683541767368,-101.7043883314305
MX16045,19.97751149490821,-102.753413793206
MX16046,19.29282759398619,-100.4601763808133
MX16047,19.4333623864398,-100.5186891613731
MX16048,19.5780062868439,-101.4111947609907
MX16049,19.34253372156775,-101.1702160435109
MX16050,19.88946666885685,-100.4289501920432
MX16051,20.04484160826496,-102.9678365378281
MX16052,18.08958713454288,-102.376524665529
MX16053,19.66666162921535,-101.279138196109
MX16054,19.98983652375397,-101.4429912150968
MX16055,18.97114293801991,-102.1238044463244
MX16056,19.64520128672155,-101.8795450969774
MX16057,19.09353220587215,-101.2159330303242
MX16058,19.40825300023641,-102.1957277724318
MX16059,19.15915354137505,-101.8636853903777
MX16060,20.25069141643527,-101.9597552033231
MX16061,19.57718636305422,-100.3327695967784
MX16062,20.14516945035343,-102.52573469534
MX16063,20.00175945632803,-101.7816506181677
MX16064,19.06215721990327,-102.2122672755926
MX16065,19.65413943879909,-102.0710567898405
MX16066,19.49451217980872,-101.5990240996139
MX16067,20.10387544571648,-101.8955980355473
MX16068,19.49530452689428,-102.4526073093474
MX16069,20.30560185235902,-102.072310706643
MX16070,19.91072884202342,-101.9920157598364
MX16071,20.11576629193734,-101.5280123215911
MX16072,19.72652044978681,-100.8467803104896
MX16073,19.69518517399311,-101.5386653465774
MX16074,20.11195555685078,-102.8792287014398
MX16075,19.6528813500103,-102.3953221294874
MX16076,20.05514442745709,-102.7662970600683
MX16077,18.56740290358549,-100.76291531462
MX16078,20.03926078335,-101.0388900076426
MX16079,19.38123454287877,-101.6880863163863
MX16080,19.74619204914374,-100.3423338700637
MX16081,19.19125111522191,-100.4068553647946
MX16082,19.25489407807525,-101.4520160528826
MX16083,19.33120059390686,-102.3470165137429
MX16084,19.89027174549451,-102.4536428324027
MX16085,19.87262677080214,-102.248665279619
MX16086,20.25925753507323,-102.3417861624296
MX16087,19.32931669794983,-101.8951046478458
MX16088,19.81645170710416,-101.1575321147923
MX16089,19.06827632733132,-102.8583284993939
MX16090,19.51390294826503,-101.8506511494879
MX16091,19.78675635692177,-102.5004289236159
MX16092,19.05732864940926,-100.795429854059
MX16093,19.7799020895934,-100.2065816495281
MX16094,20.00593004472201,-102.060879596925
MX16095,19.64646228242238,-102.5936817813337
MX16096,18.5503714874254,-102.5099927349238
MX16097,18.93219709017798,-101.4221488119633
MX16098,19.56834277757073,-100.4878772210449
MX16099,19.22190651644379,-100.6179638474699
MX16100,19.60995534131109,-101.5495274888537
MX16101,19.4317245130692,-100.9140337628875
MX16102,19.44375355159689,-102.1056659256042
MX16103,20.14307327681728,-102.6661943709454
MX16104,19.99378869768881,-102.5863989953459
MX16105,20.26623769775039,-102.469822820553
MX16106,20.2992753904525,-102.2195154298577
MX16107,19.82416602006154,-101.8278732422584
MX16108,20.03299374261092,-102.2640721914089
MX16109,20.18249483603291,-102.0115487531617
MX16110,19.87073987111193,-100.7692897753456
MX16111,19.4285393694454,-101.9090490384119
MX16112,19.43825604980487,-100.3379381162571
MX16113,20.25693698611924,-101.5669244017708
MX17001,18.5900097987648,-99.3866873468884
MX17002,18.93505102631049,-98.89450269449256
MX17003,18.52525130396118,-98.75211528911944
MX17004,18.71727159190601,-98.97798234886923
MX17005,18.73184410219628,-99.44577413878366
MX17006,18.83114438216429,-98.95695664707146
MX17007,18.93890042123513,-99.263037230927
MX17008,18.81375814446797,-99.18090502785026
MX17009,19.05760215699243,-99.2366281820505
MX17010,18.68541996227251,-98.76471467734387
MX17011,18.8851968020495,-99.166459654834
MX17012,18.58679305481004,-99.221254455642
MX17013,18.66376814448214,-98.80941832882732
MX17014,18.68590920527871,-99.36541021944583
MX17015,18.80298358572234,-99.35518488749968
MX17016,18.88158174462955,-98.78096106897344
MX17017,18.57785043456085,-99.28567171609905
MX17018,18.84253139713414,-99.2722289668684
MX17019,18.57479931594267,-98.89425075306808
MX17020,18.98131629949008,-99.10518393144548
MX17021,18.69275460579926,-99.41238485472977
MX17022,18.90555211501826,-98.70819905207352
MX17023,19.03871052833246,-98.9902398383429
MX17024,18.70498408236348,-99.10825487273512
MX17025,18.49916923292129,-99.07473580443803
MX17026,18.95397406097842,-98.97504860856412
MX17027,19.00043882002653,-98.91803167098598
MX17028,18.76190379687886,-99.23528540496622
MX17029,18.86996204791131,-99.05092741853692
MX17030,18.85252551372391,-98.85800407102325
MX17031,18.65470756061195,-99.20679590459429
MX17032,18.80687285808118,-98.7538010467217
MX17033,18.75923594399793,-98.7904999490348
MX18001,22.46484195145407,-105.2585604111567
MX18002,21.04114118692333,-104.5763375525111
MX18003,20.84854713606757,-104.4014875612907
MX18004,21.13149698693422,-105.0566525602127
MX18005,22.78868107021828,-105.2442256581496
MX18006,21.0334966259759,-104.3069477330182
MX18007,21.18411638511866,-104.3993189871567
MX18008,21.39088019981313,-104.9617633479641
MX18009,22.12979021616428,-104.6572287115424
MX18010,22.11761959651885,-105.2019497804569
MX18011,21.99116638142685,-104.962526972862
MX18012,21.57134475927307,-105.4740285789462
MX18013,21.16113122684445,-104.7487990497776
MX18014,21.35658908687444,-104.5903368906999
MX18015,21.85520855022077,-105.3214941652503
MX18016,22.34245140306197,-105.5145895618304
MX18017,21.62169818596137,-104.8404861854281
MX18018,21.96058402579117,-105.3731240349874
MX18019,21.54320781048809,-104.1509775679021
MX18020,20.84651471820531,-105.2709678240176
MX19001,25.94055057211598,-100.4059409874369
MX19002,26.29876070615078,-99.7030488516457
MX19003,26.09163502391034,-99.27348763065642
MX19004,25.30144631110996,-100.0295135434879
MX19005,27.34284895645265,-100.0255299706091
MX19006,25.7922978677476,-100.1873362307345
MX19007,24.225331244498,-99.88647418820892
MX19008,26.5717709987721,-100.5617961526736
MX19009,25.52468120962207,-99.91418096004776
MX19010,25.90076034084679,-100.3568315012208
MX19011,26.07241100242399,-99.7053828946583
MX19012,25.97747220005197,-100.185432960012
MX19013,25.4805165631851,-98.97255030759928
MX19014,23.86106951559522,-100.3063619017827
MX19015,25.96413689339122,-99.03087358058303
MX19016,25.8493067245809,-99.80498367262496
MX19017,24.76117716270315,-100.3924426750134
MX19018,25.8090844831953,-100.6597601960433
MX19019,25.64460509096148,-100.3747609386056
MX19020,25.80344451707095,-98.84836008046132
MX19021,25.82197961774381,-100.3555757139353
MX19022,25.27600001859492,-99.41307254219235
MX19023,26.212688182279,-99.44595963601763
MX19024,23.90108373246283,-99.7401686834732
MX19025,25.91141268588434,-100.1348120477639
MX19026,25.67265898575376,-100.2057755296817
MX19027,25.91612974483354,-99.41424412234664
MX19028,26.03322207043814,-99.9975115091994
MX19029,24.88379954862996,-99.67809585319338
MX19030,24.63862478150343,-99.8487740018478
MX19031,25.61411949354932,-100.1214694024681
MX19032,27.05124800728614,-100.4183058038704
MX19033,24.85195969583733,-99.52912372707684
MX19034,25.8745817796586,-99.96459729418666
MX19035,26.04892576624831,-99.4934842202916
MX19036,23.41799071487974,-100.1603928766595
MX19037,26.28603885595128,-100.7863486251275
MX19038,25.1264341630131,-99.8084382675154
MX19039,25.64487555471321,-100.3110352465656
MX19040,26.58326384718308,-99.60158721137957
MX19041,25.73678608661779,-99.97715345030886
MX19042,25.65349353945081,-99.58765818535082
MX19043,25.06593293323282,-100.1277879924073
MX19044,26.57547358491271,-100.1493829999463
MX19045,26.1612166512811,-100.2703807451824
MX19046,25.73605973559615,-100.2706929998674
MX19047,25.9994422398294,-100.4531924427953
MX19048,25.57468764478222,-100.4839011581814
MX19049,25.38494171511512,-100.2373254055966
MX19050,26.64837552558596,-99.88477250854022
MX19051,26.46983505042098,-100.3480942951464
MX20001,17.49016362722322,-96.6338417796311
MX20002,18.45219394539677,-96.53956969732728
MX20003,17.03383460904518,-95.92691142471772
MX20004,17.92949727391902,-97.65270938648622
MX20005,16.66206103412182,-94.95642239302762
MX20006,17.44808944513175,-97.16778047351612
MX20007,16.76289032965714,-96.72575723133176
MX20008,16.22616546836307,-95.76619652425283
MX20009,17.71465579767513,-96.16679352808484
MX20010,16.7882943894712,-95.0430245245422
MX20011,17.54573930786481,-98.25385602842152
MX20012,15.89778628411849,-96.52776647400862
MX20013,16.89378474326482,-96.76637071753038
MX20014,16.62340963482952,-95.0893340956994
MX20015,16.51405801269377,-96.63581413155778
MX20016,17.21604436573211,-98.21718599346411
MX20017,16.57980450054055,-96.85145974106592
MX20018,17.99032644362169,-97.44279712489336
MX20019,17.8676955935782,-96.85392116627976
MX20020,17.06146683461872,-98.01049907615388
MX20021,18.57988590476658,-96.66187648993714
MX20022,18.13804548856611,-97.80167178508488
MX20023,17.00696503186921,-96.8014288732019
MX20024,17.96613393371566,-96.85730872435592
MX20025,16.27389789761108,-94.20464478651252
MX20026,16.98684134463108,-97.5623292418664
MX20027,17.99247203587293,-96.7487420678925
MX20028,16.59661699169261,-96.7313956271837
MX20029,18.19465034186088,-96.86927308876568
MX20030,16.46717824411723,-95.03953180363216
MX20031,17.0372718546201,-96.02215909443618
MX20032,17.92988502856266,-98.1291694705771
MX20033,17.17716510933985,-96.80207890652586
MX20034,17.75445094942181,-98.16429860087784
MX20035,17.31467959376888,-96.4991138877892
MX20036,16.83878981000978,-95.38938835798804
MX20037,16.92233810241288,-98.00992645053373
MX20038,17.18117091025332,-96.16018404417306
MX20039,17.85519584635321,-97.79984766286388
MX20040,18.07266556179789,-96.78392861553412
MX20041,18.14456310419729,-96.7999229074902
MX20042,17.49471718555953,-96.3393098547574
MX20043,16.4430269937651,-94.93665874753069
MX20044,18.00089902180286,-95.89105008708788
MX20045,17.24715536085306,-96.81523569061814
MX20046,17.26119741527397,-97.24204984643946
MX20047,17.80660812610297,-97.48178985249032
MX20048,16.89634706163243,-96.90875219114456
MX20049,16.7085942820291,-96.71497296456852
MX20050,17.24046299890936,-97.5538820677158
MX20051,16.8901709496627,-96.55749052721934
MX20052,16.34787948040169,-95.6553081415436
MX20053,16.51084280458431,-95.25267356757928
MX20054,17.3904408053985,-97.2249145705668
MX20055,17.82755012843808,-98.12366089976037
MX20056,16.54212598457238,-98.23680353785078
MX20057,17.15577058095664,-94.99102753267236
MX20058,18.02937542802679,-96.9109466791732
MX20059,16.34842338218856,-96.64606790492977
MX20060,17.16539333739783,-96.1040500379272
MX20061,16.37316257922001,-96.63097639164204
MX20062,17.30173379565545,-96.42625111830752
MX20063,17.1811796651329,-96.82935150126356
MX20064,16.66876965478842,-95.79408533228198
MX20065,17.504164493671,-98.01435584621302
MX20066,16.51984021921465,-94.58806114547772
MX20067,17.102113817838,-96.7241186714836
MX20068,16.76180586738973,-96.7033921993984
MX20069,16.62350551838026,-96.79388629447824
MX20070,16.40368401779167,-97.96606979868515
MX20071,15.91937865601319,-96.42788672556186
MX20072,16.67208737250775,-96.66507010837876
MX20073,16.99839156324997,-97.8936183948904
MX20074,16.30918464095737,-96.27025717259376
MX20075,16.39253021832333,-94.44580985747562
MX20076,16.64766443270835,-97.86336762453756
MX20077,17.20994304593328,-96.81906747281435
MX20078,17.00241159518407,-96.63615044276833
MX20079,16.19369782501586,-95.22043750740062
MX20080,16.51379115873414,-96.81379853956577
MX20081,17.58917839525348,-97.99341493622464
MX20082,16.44972011483435,-97.8046786251369
MX20083,16.99197267119425,-96.68559374358914
MX20084,17.2012629513053,-96.7182593923973
MX20085,15.97620210487344,-96.6208165353425
MX20086,17.19827200101662,-97.51574059300955
MX20087,17.08069606229514,-96.67946028543028
MX20088,16.84745279302682,-97.79207673094164
MX20089,17.69853422597595,-97.68873965625512
MX20090,16.34478636081408,-97.9175083665952
MX20091,17.12746668507381,-96.66729206443436
MX20092,17.0587790806068,-96.86491356577696
MX20093,17.58947099731773,-97.52933799189324
MX20094,17.23396462752694,-97.06316325080503
MX20095,16.2116964098079,-96.52495279838992
MX20096,17.48468787561149,-97.2961092318242
MX20097,17.27677535059127,-96.223299735092
MX20098,17.94476798387925,-96.59951320896432
MX20099,17.65936705776657,-98.38642970865412
MX20100,17.29031404694519,-96.13238799257098
MX20101,16.60105287392781,-96.86062934592842
MX20102,17.18420299854808,-96.90297450925792
MX20103,16.8139381724368,-96.6925406350642
MX20104,16.83406138394239,-97.04504099242467
MX20105,17.5184889253619,-97.74396939186866
MX20106,17.74288992186299,-97.4955969344252
MX20107,17.02411277797431,-96.6918187686262
MX20108,16.92060443143645,-97.14296217366146
MX20109,18.14615537590957,-97.1645125409656
MX20110,17.15316111331043,-97.57365827050586
MX20111,16.5407014110186,-98.04782795821716
MX20112,16.76635235193202,-96.5073717686373
MX20113,16.03601996124364,-96.79618405035386
MX20114,17.22041219330678,-96.21060939242714
MX20115,16.94114515258414,-96.69561387998444
MX20116,18.05008447561745,-96.67552123409612
MX20117,15.94385285875677,-96.75481354838082
MX20118,16.89672881314085,-96.50006173059435
MX20119,17.22399278753942,-97.45258234613426
MX20120,17.24528088494984,-96.24324119429848
MX20121,17.58443755031115,-97.314146485622
MX20122,16.42550714889195,-95.92803298012552
MX20123,16.84442065297316,-96.91718288557016
MX20124,16.35791127311418,-95.14617537885871
MX20125,16.41515518326648,-95.96215703064208
MX20126,16.30733138952294,-96.3830107222546
MX20127,17.28237979497001,-97.58108155496264
MX20128,17.35143899722347,-96.17494964375022
MX20129,17.72542428598871,-97.38361789588087
MX20130,16.37513947023257,-94.72898412026188
MX20131,16.78093102977921,-96.30206137845089
MX20132,16.74990788219779,-96.66417572591558
MX20133,17.07694024623315,-97.69198182320643
MX20134,18.06965015643701,-96.53509926471229
MX20135,17.09290662066224,-96.88523110851304
MX20136,17.82035161864404,-96.5070861350302
MX20137,16.85811464881546,-97.36766201117788
MX20138,17.18086242756149,-96.26464651316245
MX20139,17.90557732586754,-96.74520358250196
MX20140,17.41701166443096,-97.31435809688396
MX20141,16.22017741075741,-94.43097904089012
MX20142,18.19523797677942,-96.93618397310128
MX20143,16.35271256226265,-94.51309184454756
MX20144,17.34649771079205,-97.2750759762417
MX20145,17.02634643011611,-96.59581518238262
MX20146,16.37342865766251,-96.38012797532654
MX20147,17.36333137234556,-97.33402932606612
MX20148,16.09336160161594,-96.20195019871842
MX20149,16.51416516659837,-96.90584949954656
MX20150,17.37212500577902,-96.9281230353632
MX20151,17.8904242765938,-97.54353621232944
MX20152,17.47637179440184,-98.26333019803629
MX20153,16.05063581977838,-97.04526553147882
MX20154,16.28939478590658,-96.45374556249782
MX20155,16.5919416360374,-96.95603396499996
MX20156,17.37386238330448,-96.13699933457102
MX20157,17.09536932874384,-96.75743142172288
MX20158,16.50327810996835,-97.36595915683569
MX20159,16.20449668283273,-96.96964516910164
MX20160,17.80673103629476,-97.86887213222838
MX20161,17.39058263199468,-97.03576832596148
MX20162,16.70405814729827,-96.57139294060164
MX20163,18.15379926304286,-96.92903157097491
MX20164,17.68914710294079,-98.09157603651023
MX20165,17.95442072114553,-97.97217819688018
MX20166,17.91470133169461,-96.12365647715872
MX20167,16.28058643261452,-96.49329163718546
MX20168,16.37784177362579,-98.25632305785406
MX20169,18.25763249875348,-96.64249020835406
MX20170,16.401578171322,-96.33496712900074
MX20171,18.16086293307688,-96.66804907138308
MX20172,17.35001001604839,-97.5005516694158
MX20173,17.46412097116058,-96.48836264637796
MX20174,16.98731897838274,-96.71620334800252
MX20175,17.58892554581882,-96.76856596265668
MX20176,17.72062371836474,-97.26240964692224
MX20177,17.74127145243308,-96.96902629460917
MX20178,17.23800157384471,-96.75914152341986
MX20179,17.43918803589672,-96.8074793498868
MX20180,16.5148804166066,-98.34379427026002
MX20181,18.00001412779209,-97.6432793656295
MX20182,17.87301107179797,-96.59241646782128
MX20183,17.59071965503987,-98.322224695408
MX20184,18.02792960723423,-96.09185038199196
MX20185,16.64173787853959,-98.16342407790737
MX20186,17.86541163256484,-98.27071970112372
MX20187,18.05825679971217,-96.72864639789069
MX20188,16.49516465566702,-97.91066752364856
MX20189,17.32899599265432,-95.95655920022168
MX20190,17.31848717574019,-95.4966554392074
MX20191,17.27922471144179,-96.50733964350331
MX20192,16.828258810121,-96.6716550717268
MX20193,17.32945394076632,-96.77924770981676
MX20194,16.89177910257924,-96.16134807557538
MX20195,17.2777850928782,-97.38965253625231
MX20196,17.40090762967854,-96.53932277766624
MX20197,16.95390847892191,-96.5415255608282
MX20198,17.05412450290961,-95.11216975582202
MX20199,17.76435973064288,-98.29025011011971
MX20200,16.87468657319522,-95.89103917977138
MX20201,17.32401421062342,-96.30172690630556
MX20202,16.20929728337187,-97.11696928556904
MX20203,16.56843595847541,-96.54577740679912
MX20204,16.5114217750371,-95.9179097599238
MX20205,17.49334411346924,-95.79131020893828
MX20206,18.04434357347602,-97.0392373136164
MX20207,17.13212461817555,-95.42074421227326
MX20208,17.33771967557141,-97.85588342689088
MX20209,16.24669519381528,-96.31317872826357
MX20210,17.42615542846199,-97.75489730188532
MX20211,16.10687028353104,-96.20880474540856
MX20212,17.48994295080605,-96.04772430045443
MX20213,16.34209679747482,-97.35483648030774
MX20214,17.66275211686612,-96.62625420530148
MX20215,17.44829874913247,-97.29178809209314
MX20216,17.3186146104601,-96.2185089751748
MX20217,17.11642998306047,-97.17102451152952
MX20218,17.07741940228821,-97.43002007397808
MX20219,16.89454355082253,-96.59774156487153
MX20220,17.7396773889398,-96.7624822115298
MX20221,17.58726702046775,-97.41575562600327
MX20222,17.44199023517369,-96.2799520280164
MX20223,17.41051461263127,-96.18215016370456
MX20224,17.52343394688708,-97.26898254604976
MX20225,16.41123385931335,-97.87785897544563
MX20226,16.89103332793643,-96.23848831660624
MX20227,17.1290467363327,-96.80356117525469
MX20228,18.21634985778515,-96.91727673847232
MX20229,16.5268764499921,-97.18646625339804
MX20230,17.63190759891649,-98.12383464927916
MX20231,16.93781745433451,-95.6897691354066
MX20232,18.03426414741082,-96.36252338267258
MX20233,16.87930062697705,-96.453502344226
MX20234,18.11234673935495,-96.91589157779626
MX20235,16.45328818585849,-96.47893191844284
MX20236,16.04058685932269,-96.40399388027254
MX20237,17.73751128727361,-97.90380107184023
MX20238,16.6560549171726,-96.72606802049842
MX20239,17.39629737157033,-97.60895556140096
MX20240,17.2173611615567,-97.85577980567372
MX20241,16.61637941157374,-96.85418233174283
MX20242,17.36171060775439,-98.24503604975092
MX20243,16.87574999566328,-96.69192075324752
MX20244,18.10739999692015,-97.0309012504482
MX20245,17.81655009596275,-98.07095383967344
MX20246,17.15297492010318,-96.19696772469672
MX20247,17.31804727650329,-96.42088157214742
MX20248,16.2093017298628,-95.04765522346916
MX20249,18.14118532208685,-96.86895312137317
MX20250,17.42258939456328,-97.26290977538495
MX20251,17.64689850542561,-98.42139066676192
MX20252,17.14499425952615,-97.49478343611705
MX20253,15.97173723211621,-96.33878604357945
MX20254,16.12132237103984,-96.52522423280284
MX20255,17.00396445587941,-97.37110747610744
MX20256,17.80505299285032,-97.42951398839124
MX20257,17.24589355926452,-96.1507620785996
MX20258,17.30661732302572,-97.4735238101877
MX20259,17.68289412825819,-98.33212823550816
MX20260,17.43390881940746,-96.70426967534122
MX20261,17.88674263334888,-98.0194536617824
MX20262,17.20017771690974,-96.4564122689674
MX20263,16.16663715907375,-96.68014186456712
MX20264,17.62680893530839,-97.19822066783136
MX20265,16.65255057802745,-94.40988891967687
MX20266,15.94533144023231,-96.09628186478554
MX20267,17.32747318329782,-96.57438736067944
MX20268,16.59619168088279,-96.73660566641897
MX20269,17.07856691794817,-97.6158710083294
MX20270,17.75444460888873,-97.14618185358778
MX20271,16.75755317708449,-96.9478641869135
MX20272,16.23866893663008,-97.40049283403113
MX20273,16.94320198353365,-97.00974162354257
MX20274,16.981063814935,-97.21635803514336
MX20275,16.97569134471886,-95.78022080100972
MX20276,17.91987184882834,-96.79768150395208
MX20277,16.51337639196915,-97.05822249613016
MX20278,18.25250914399958,-96.43943056662354
MX20279,16.08017236683662,-96.45842839181284
MX20280,17.36739688671382,-96.23183655745498
MX20281,17.37886674967368,-97.29105023494716
MX20282,16.23194745106507,-95.54782025658622
MX20283,17.82419910987197,-97.31487503933693
MX20284,16.77564067441411,-96.56436165439078
MX20285,16.44046663688369,-98.10827773204468
MX20286,17.44226254006335,-98.01070089743544
MX20287,17.75368879771124,-97.4460101606744
MX20288,17.34811554833264,-96.35340659219771
MX20289,16.43095856430681,-96.7446552608106
MX20290,17.77629704268744,-98.13261659003332
MX20291,16.17029070524532,-96.79000862109416
MX20292,16.94819919732157,-96.9390104175793
MX20293,17.16366217174899,-96.73374443529114
MX20294,17.30975908698612,-96.87359142548688
MX20295,16.81801210293981,-96.80660472533638
MX20296,17.52171203352284,-96.52161708098043
MX20297,17.00755294808693,-97.47128713348036
MX20298,16.96881425240442,-96.29488833918172
MX20299,17.12508938621266,-96.21716096484168
MX20300,16.67749600250556,-98.08367017893512
MX20301,16.74126547563615,-96.73403144900053
MX20302,16.51881099436033,-97.96946210990164
MX20303,17.16344407879372,-96.26205748948789
MX20304,17.52117665174989,-97.1098237661908
MX20305,16.46362477005793,-95.1665436099566
MX20306,16.01582416210659,-96.47169219542882
MX20307,15.97448018078584,-95.7820393152288
MX20308,16.24286091996437,-95.14752220224848
MX20309,18.15915012535933,-96.5514559978874
MX20310,17.05269813223635,-96.8269499640627
MX20311,17.68676613336895,-97.02657843603043
MX20312,16.46950498687305,-98.04210378134054
MX20313,17.75925758013021,-97.0714954653823
MX20314,16.31916806594455,-97.10907069540488
MX20315,16.74831017949421,-96.70425302236757
MX20316,16.44216878683806,-96.25359324359222
MX20317,17.4500934879055,-97.6438106069914
MX20318,15.94974099522886,-97.06950710906128
MX20319,16.21879480510546,-96.2095842240847
MX20320,17.10391765912387,-97.55183594300772
MX20321,17.81050697715236,-97.57686146895938
MX20322,18.18336483036588,-96.9112867233092
MX20323,16.97177593431438,-95.84078703556943
MX20324,15.78948517225736,-96.4127999285737
MX20325,16.76730105807924,-96.0344519115218
MX20326,17.81953025540543,-96.64090314894749
MX20327,16.30838400819603,-94.1909683802002
MX20328,16.64391401849561,-96.53396739413982
MX20329,16.99571423428108,-97.27480337941635
MX20330,17.99028340417978,-96.62866780761418
MX20331,17.33735030121453,-97.39130405887198
MX20332,17.4552481361316,-97.3574359925209
MX20333,16.66285326622071,-96.22921798216215
MX20334,16.08044402316473,-97.53482811725124
MX20335,17.42312969210969,-96.38067239517878
MX20336,17.63339256525438,-96.47946670577
MX20337,17.02175241133349,-96.13498471045858
MX20338,17.19518799640061,-96.79317994308413
MX20339,17.50787967324054,-97.50641522325212
MX20340,18.08849501202728,-97.7062900860628
MX20341,17.57722874381908,-97.48085197853396
MX20342,16.98200370434871,-96.7547453134002
MX20343,16.98468339628107,-96.60331578267778
MX20344,16.0885497717864,-96.87124836390484
MX20345,16.52593951349964,-98.1495415535197
MX20346,17.51996090356442,-97.67438584237124
MX20347,16.20508624141608,-96.42338263382324
MX20348,17.34525739849413,-98.09363063189964
MX20349,16.95177421485205,-96.63342415913364
MX20350,17.0453056338968,-96.67970734060437
MX20351,16.4019081426835,-96.7265176311
MX20352,17.83536775173848,-97.99814156705608
MX20353,16.33427274645415,-96.7302859662895
MX20354,18.22474649114406,-96.88847181783414
MX20355,17.98978056316916,-96.80115681091014
MX20356,17.01151818222533,-96.46539729085272
MX20357,16.60426377209489,-95.88380874375456
MX20358,16.74308631359775,-96.861561110572
MX20359,17.39622341905747,-96.62214592106812
MX20360,16.83640218107908,-96.73192967988592
MX20361,16.32961167853788,-96.24174840005506
MX20362,16.29491819079778,-96.64821342540012
MX20363,17.21382169827952,-96.57708280771584
MX20364,16.17743473942281,-97.296167734543
MX20365,17.18052471806869,-96.49846059447326
MX20366,16.07096351865669,-96.71877320724845
MX20367,16.33971401235158,-97.83913133421136
MX20368,16.79147485805554,-96.6126880983096
MX20369,16.88335137376882,-96.732077224684
MX20370,17.33469526349552,-97.55141820797245
MX20371,17.06185177072008,-97.53435219861016
MX20372,17.00782587760368,-97.67265356273803
MX20373,18.0207575956582,-97.55663539429992
MX20374,18.15750205472058,-96.88304711792588
MX20375,17.04859415363808,-96.68509380642216
MX20376,17.57055223191075,-98.21533542786722
MX20377,16.72825200577849,-97.6813541841326
MX20378,16.78999946278198,-96.9053426391156
MX20379,17.15489886084073,-97.71831683831805
MX20380,16.95250645807472,-96.58383048458477
MX20381,17.82143812109338,-98.16437662877716
MX20382,16.91813250604001,-97.4623584870627
MX20383,17.37670533808111,-97.5679476280043
MX20384,16.3373167287383,-96.67813969567813
MX20385,17.01902448571541,-96.74859627873953
MX20386,16.46938115548892,-97.48477749632036
MX20387,16.78171971600075,-96.79318204828397
MX20388,16.92174695440719,-96.85463275851583
MX20389,16.80582110530909,-96.75894201300468
MX20390,17.06497581706196,-96.69111139982785
MX20391,16.18082967418334,-96.62066052096276
MX20392,16.94319964799836,-97.73214279148716
MX20393,16.72468144666667,-96.66866247946098
MX20394,17.07919112363604,-95.84651617343933
MX20395,17.62471542703527,-97.0802053597372
MX20396,18.10335340207328,-96.81726274161318
MX20397,17.23140834247646,-97.6913898180598
MX20398,16.67746458436807,-96.89208402958003
MX20399,17.08820530720473,-96.78644673063448
MX20400,17.86962308910422,-97.64995564472773
MX20401,15.86207741578749,-96.92199160875454
MX20402,16.42893014225908,-98.31270547868132
MX20403,16.97062282237137,-96.7102022529803
MX20404,17.56576936504377,-97.26064711090268
MX20405,17.59384367581457,-97.63801370108403
MX20406,18.29308655262503,-96.74619551277344
MX20407,16.94704645357871,-94.38858959740271
MX20408,17.34368753303712,-97.60512084911976
MX20409,17.02924186493406,-96.6342972844758
MX20410,16.23344899859397,-95.86505857483998
MX20411,16.9928359734306,-96.6127777488202
MX20412,16.73670735777997,-95.3519373027979
MX20413,15.79648460299936,-96.22348753352432
MX20414,16.20884792031615,-97.92636167037824
MX20415,16.61489240167626,-97.9983217622523
MX20416,17.85042276692797,-97.15841337010944
MX20417,17.84987362106244,-96.13158816345144
MX20418,16.51585114525253,-95.47423998682471
MX20419,17.36274129443319,-96.54173447444444
MX20420,16.73757255694266,-97.0409279445401
MX20421,16.42470205196022,-95.27546958132363
MX20422,17.64628906980901,-97.33241360369132
MX20423,17.40771771257518,-97.50136377594303
MX20424,16.09913150013667,-96.34927250624516
MX20425,17.80730189583747,-96.78377581868476
MX20426,17.04845788135982,-97.03342249657608
MX20427,16.88463512150518,-95.07196594330102
MX20428,16.30456206465237,-96.051900997442
MX20429,16.56093834008485,-97.02992383778704
MX20430,17.13752237977038,-97.3952639046
MX20431,17.95357566961081,-97.09895666304848
MX20432,17.37899758750144,-96.1580989362183
MX20433,16.1647815021048,-97.1810260583964
MX20434,18.17420660989672,-96.9715894372462
MX20435,16.95131368895137,-95.9891165934334
MX20436,17.7223723096395,-97.0504921782287
MX20437,17.1142904400045,-96.05367298589634
MX20438,17.92137859060269,-96.73712114612664
MX20439,15.77297722048093,-96.68187105031896
MX20440,16.62293174638845,-95.615267487691
MX20441,16.36310251797695,-95.02618245200811
MX20442,17.27107644785711,-96.29629631655676
MX20443,17.20118701221598,-96.41135986130064
MX20444,16.88221443837077,-97.46030898854738
MX20445,17.10744380276352,-97.50000161192926
MX20446,17.03512324331374,-97.8032788253611
MX20447,16.7787433449444,-97.97374565840236
MX20448,16.64276961070005,-97.3591036519942
MX20449,16.55906877832008,-96.3704105212046
MX20450,16.63156653030748,-97.52084362354356
MX20451,17.64969927120794,-97.13619208151307
MX20452,16.79619290740666,-96.72731761868094
MX20453,15.97758401571236,-95.61214256213962
MX20454,17.09626806370504,-95.92169630809524
MX20455,17.91951380065989,-97.97433178388316
MX20456,17.73110426342608,-97.7344457403889
MX20457,17.52751514592512,-96.16645144157896
MX20458,17.61594082218314,-96.39462213646108
MX20459,18.19988075522233,-97.71939304172224
MX20460,17.37645412487497,-95.91608221252233
MX20461,17.43084466403765,-98.10138249457898
MX20462,17.8034624630813,-97.68911265708678
MX20463,17.48626460225532,-97.04696980644836
MX20464,17.88110270947018,-97.44831069552136
MX20465,16.92771431147492,-95.58206818317076
MX20466,16.53819723740755,-97.69832877580642
MX20467,16.20237195747806,-97.78515244476588
MX20468,17.65578484408705,-95.98259853915044
MX20469,17.1942210109249,-98.01877729542323
MX20470,16.77375759275189,-95.52610676141232
MX20471,17.41452791776027,-96.25064563338864
MX20472,16.6231295899927,-95.26114147735396
MX20473,17.20043073918086,-96.32594387686396
MX20474,16.48537736381492,-98.26082735893404
MX20475,16.82979375398969,-96.42274616768188
MX20476,17.98174051829355,-97.71956559675831
MX20477,16.43955063585234,-97.26634636442932
MX20478,17.52330980944433,-96.9120387263143
MX20479,17.4283571617026,-97.38695208390529
MX20480,17.33506946611706,-97.70129265046936
MX20481,17.00647774983517,-97.75978900587889
MX20482,16.29413094305697,-98.1209073410898
MX20483,17.23132032506121,-96.91038914984462
MX20484,17.73410796877979,-98.234702500717
MX20485,16.33310883643408,-98.46597796303767
MX20486,17.6662106916481,-97.46375607822812
MX20487,17.28943469458209,-96.99858224901573
MX20488,17.7920768385031,-97.39733682261864
MX20489,16.3417213036126,-97.67742799357694
MX20490,18.215126790831,-96.97874802326768
MX20491,16.72114316477471,-97.30914925660046
MX20492,17.21025956347723,-97.35342932433532
MX20493,17.46770215110578,-97.31487527986884
MX20494,17.02713372242929,-96.97125998914728
MX20495,16.00453119625926,-96.21861234624376
MX20496,17.27238319083079,-96.39379805393476
MX20497,16.20856563758739,-97.23788961162484
MX20498,17.49939315918461,-95.4905300412434
MX20499,17.46982586538612,-97.57443714407944
MX20500,16.85049469274254,-97.53114251513124
MX20501,17.61436122622939,-98.22059897755668
MX20502,17.19425631620031,-95.88492837502136
MX20503,17.21685983748522,-96.25157471551934
MX20504,17.26108387618244,-96.64657979312604
MX20505,16.5796170184762,-94.73155219687334
MX20506,17.07122009168001,-96.21035621948008
MX20507,16.32898186908164,-98.36462127830622
MX20508,16.62999471464511,-95.1736952965028
MX20509,15.83355136630875,-96.634414044154
MX20510,16.9090870357368,-97.52394757244492
MX20511,17.17380370807545,-97.06675790305616
MX20512,16.17597670608185,-96.31441502723128
MX20513,16.85412524781383,-95.21867551854864
MX20514,17.33222330504639,-96.0709064628212
MX20515,16.22192085334737,-95.3915889001733
MX20516,16.5757383323811,-97.27722160314973
MX20517,16.93255678486013,-96.0777866341078
MX20518,17.40179843392015,-97.3405161939698
MX20519,17.0720219509187,-96.59089208970474
MX20520,17.68135403189894,-97.9859627603462
MX20521,17.60726821438673,-97.35338861704048
MX20522,17.12522382852378,-96.2913451031951
MX20523,17.53297395805334,-97.34821996232768
MX20524,17.63445939357679,-97.7007248769541
MX20525,16.46455142554814,-94.33232368927553
MX20526,16.08076289411026,-97.18831786059371
MX20527,17.7936828015989,-96.87526399970068
MX20528,17.42283773366067,-97.95025536982524
MX20529,17.77241661111084,-98.00590587700076
MX20530,16.86657859504227,-96.6376910076837
MX20531,17.14687053538342,-96.91193285157551
MX20532,17.11442753630481,-97.7821671014019
MX20533,16.24183457965411,-96.58043994542194
MX20534,16.37277933783995,-96.8335181684274
MX20535,16.65243824027664,-97.03822072416254
MX20536,17.43035353131105,-97.43559969455352
MX20537,17.56082186981359,-98.14392817668158
MX20538,16.36024650158009,-96.53879333655512
MX20539,17.16066816317876,-96.82630084362776
MX20540,17.69030747811889,-97.58023283873362
MX20541,17.38414272608938,-96.2940096704733
MX20542,16.57130686708843,-96.76930605476124
MX20543,16.30966080814974,-97.53494290765626
MX20544,17.32776657099002,-96.67069091457564
MX20545,18.10739046894562,-97.11220278120648
MX20546,17.05567917973049,-96.5172930115655
MX20547,17.74864581114819,-97.53850644836749
MX20548,18.00693989204881,-97.30107785512726
MX20549,17.58227818606533,-97.85848559003892
MX20550,17.0077215945327,-96.54870261208652
MX20551,16.87364379382927,-96.35941224131808
MX20552,17.87201739621839,-97.47554395287035
MX20553,17.09413943524805,-96.6163823077943
MX20554,17.24503620579812,-96.02112608012452
MX20555,16.92951496807698,-96.79236180090568
MX20556,17.77717756375163,-97.50146934733148
MX20557,16.487374416782,-94.82312132223645
MX20558,17.7650514060146,-96.98823575586913
MX20559,17.79735907293232,-96.33476589483163
MX20560,17.0579093155144,-96.3801953964532
MX20561,16.70865207074039,-96.44799568408234
MX20562,17.3785329626375,-97.39501355608596
MX20563,16.44235766776196,-96.79781823225495
MX20564,17.07731983667147,-97.29644011375062
MX20565,16.94968952653072,-96.76657905734012
MX20566,16.7805129874592,-97.38213213731592
MX20567,17.7761923697303,-98.3969562028154
MX20568,17.88251439203044,-97.8348891533641
MX20569,17.27489532958486,-97.14139734145976
MX20570,16.78029206059284,-97.0346577681854
MX21001,19.10331714566313,-97.93982506380576
MX21002,20.10916806773727,-97.229801613876
MX21003,18.15909220319971,-98.10635283785024
MX21004,19.02612368958944,-97.76498202188472
MX21005,18.75939851558939,-98.67909016268985
MX21006,20.02696154739281,-97.86768236878864
MX21007,18.57566817841098,-98.28280990719244
MX21008,20.06116872607586,-98.13362198482808
MX21009,18.23130143075866,-98.1911165427356
MX21010,18.42157793733474,-97.12560183814423
MX21011,18.01069714350222,-98.54710473230242
MX21012,19.10260290534185,-97.51742546724276
MX21013,18.35634805970102,-97.30036908767352
MX21014,20.05581624729695,-97.80068154570851
MX21015,19.04728768743684,-98.05310556529432
MX21016,19.77229903786818,-97.93024203455111
MX21017,19.81168470347907,-97.44090455839762
MX21018,18.37559534851513,-97.69007792584938
MX21019,18.89908604751308,-98.45230163921131
MX21020,18.80601745127027,-97.90907457803348
MX21021,18.54704453900394,-98.54171619465669
MX21022,18.82308935616962,-98.60777196752366
MX21023,18.93379840868869,-97.3039889597722
MX21024,18.18470446555272,-98.39350800835751
MX21025,20.08400561943314,-97.40878408873144
MX21026,19.10644390732281,-98.47622251413604
MX21027,18.14271253050768,-97.48684422486018
MX21028,20.03082965765611,-97.752947006959
MX21029,20.0734930607774,-97.6063012968465
MX21030,20.05515428663669,-97.73105064948106
MX21031,18.57117264270499,-98.16492184994569
MX21032,18.19051634056942,-98.78852959878076
MX21033,18.74583552851955,-98.71820455144082
MX21034,19.13523732693326,-98.29174531408178
MX21035,18.24561782034648,-97.11723720028388
MX21036,18.28236393439806,-96.96593269710984
MX21037,18.40133434603261,-97.81295230120166
MX21038,18.92018896816235,-97.82637580492036
MX21039,19.9135769863276,-97.79212615609832
MX21040,18.96165369082415,-98.04510137648788
MX21041,19.11672236761754,-98.25607556999644
MX21042,18.44567560552666,-98.1889878023691
MX21043,20.02799585154187,-97.50057905227256
MX21044,19.59668167532809,-97.57325870720636
MX21045,18.97736378238009,-97.42970601981536
MX21046,18.63965316734443,-97.40363613640396
MX21047,18.27654610562131,-98.6006186867856
MX21048,19.19560514052416,-98.51334058284282
MX21049,20.08876041066127,-97.9659820984212
MX21050,19.20473422423022,-97.07008318141504
MX21051,18.51039092458863,-98.62591426586438
MX21052,18.64879665164355,-98.0593478235573
MX21053,19.82107470387161,-98.13474855266212
MX21054,19.7355864573342,-97.43654926416646
MX21055,17.96025439657843,-97.87923920010547
MX21056,18.13957151398886,-98.4700123153699
MX21057,20.26016404369382,-98.23887621396398
MX21058,19.25828648251003,-97.21356140510484
MX21059,18.23293507480131,-98.27958579166646
MX21060,19.13216596474301,-98.44114069703454
MX21061,18.50678469924305,-96.9267015865768
MX21062,18.6155963207393,-98.37626337378244
MX21063,18.85903612606662,-97.36462689423894
MX21064,20.71057799058658,-97.81316674981994
MX21065,19.02072392249594,-97.66751209783058
MX21066,18.04839453367024,-98.1511471098341
MX21067,19.31642970853287,-97.38013310574831
MX21068,20.11676985063638,-97.73118101647758
MX21069,18.76930696750302,-98.51715664501992
MX21070,18.68379459180486,-98.06783923878916
MX21071,20.16624111756262,-98.05173409464166
MX21072,20.10154177612746,-97.61947147147018
MX21073,18.37706672149177,-98.73040196980708
MX21074,19.16712733651543,-98.4487748943012
MX21075,19.92184095885457,-97.4011258205992
MX21076,20.03066567996228,-97.31017066067396
MX21077,20.04315556671089,-97.68415942939944
MX21078,19.9437560133249,-97.71329743545397
MX21079,18.76693468442718,-97.85963411740904
MX21080,20.01468894546276,-97.62733464100393
MX21081,18.03446147985537,-98.71232987282282
MX21082,18.48166345226338,-97.83349335109855
MX21083,19.62407979420662,-97.8583080337263
MX21084,20.04064387544569,-97.64144387253825
MX21085,18.50196920155147,-98.4470077358915
MX21086,20.45615323246611,-97.87594997654256
MX21087,18.30722918095023,-98.91566008956634
MX21088,20.078691533206,-97.52646963608132
MX21089,20.20641240193395,-97.77798507406212
MX21090,19.11932752378886,-98.34546112782397
MX21091,20.22369888073287,-97.99658557185656
MX21092,18.53210273377859,-97.7398852045218
MX21093,19.2811330316872,-97.29371505801474
MX21094,19.46916646641627,-97.67613912642145
MX21095,18.74182468089912,-98.10248882613313
MX21096,19.15113330962278,-97.69200956606576
MX21097,18.90772554677726,-97.89170644819542
MX21098,18.66863339029193,-97.86980971858564
MX21099,18.73317508277125,-97.4281208253813
MX21100,20.24528465084589,-98.10285697032752
MX21101,19.96307660994217,-97.58898621216792
MX21102,19.06120257056438,-98.44711729347038
MX21103,18.62752578743747,-97.33753688527572
MX21104,19.19063100569289,-97.83330072278208
MX21105,19.55552344044968,-97.67382105152316
MX21106,18.93167945825789,-98.31913665343882
MX21107,20.11243715626928,-97.67181386642878
MX21108,19.32652191265581,-97.5834376327229
MX21109,20.29327882111012,-98.13736438038646
MX21110,18.83502393445531,-97.5355783254481
MX21111,20.5549222145294,-97.87682382171242
MX21112,18.06913523153256,-97.91587857555103
MX21113,18.11401066044359,-98.27074980716924
MX21114,19.0086995296899,-98.1755142644106
MX21115,18.94816615103904,-97.6344698490847
MX21116,19.25375079208535,-97.11337751551312
MX21117,19.2479445809387,-97.81652679228004
MX21118,18.96244032551905,-97.82390472904623
MX21119,19.0236202161502,-98.29324392489876
MX21120,18.49701448998341,-97.27368577317216
MX21121,18.76742912924788,-98.33585853511006
MX21122,19.23152008007916,-98.52593868557838
MX21123,20.1115261400162,-97.7867588866074
MX21124,18.3181399671532,-97.38396759228507
MX21125,19.01049087635096,-98.34561913473198
MX21126,19.03492647769834,-98.39375230811896
MX21127,18.19851098706845,-97.9216852274044
MX21128,19.25468234240087,-97.72857151606286
MX21129,18.22888706425453,-97.29006556476304
MX21130,19.0470760105796,-97.55189048400504
MX21131,18.74480539631413,-98.03048898699944
MX21132,19.26896365545202,-98.42851490841431
MX21133,18.65772296542724,-98.35524101369344
MX21134,19.34665466595855,-98.50282189904604
MX21135,18.01192587256097,-97.76988294124835
MX21136,19.17266428641146,-98.3064453105244
MX21137,19.22312470078802,-97.49749450120744
MX21138,19.07943440494762,-98.56693393361846
MX21139,18.14193894433245,-98.1389353471555
MX21140,19.07296701821638,-98.34313017196186
MX21141,18.04068334723341,-98.04403926354485
MX21142,19.15397120485533,-97.61391552492674
MX21143,19.24460392801549,-98.56132442945056
MX21144,18.92651953361947,-97.77233284500616
MX21145,18.37962564800756,-96.82879560197782
MX21146,18.61590207305528,-98.07913730102348
MX21147,18.40331275532991,-98.04927238542608
MX21148,18.97483572916592,-98.38531875572936
MX21149,18.55546356468151,-97.42486618116548
MX21150,18.75719159873989,-98.15696626499005
MX21151,18.88751715049077,-97.8652206134645
MX21152,19.12066742558023,-97.74609309660688
MX21153,18.88701625693552,-97.96822815807676
MX21154,18.85931628414649,-97.73121918703184
MX21155,18.0529302737574,-98.31433667511584
MX21156,18.4613214358359,-97.44506801977197
MX21157,18.35321478767587,-98.30395450441183
MX21158,20.18920988299307,-97.40160548591234
MX21159,18.72950017131966,-98.25060122537684
MX21160,18.45046569438064,-98.83873844039388
MX21161,18.55391872605047,-97.54301528457496
MX21162,20.00845867735448,-97.78432800278571
MX21163,19.14524038154951,-98.00360405631533
MX21164,19.01195173429659,-97.87615964486577
MX21165,18.73975960589289,-98.63294082331454
MX21166,18.72178250287835,-98.43127411485776
MX21167,19.94949371538048,-97.85304210967044
MX21168,18.64632232996218,-98.65400134389684
MX21169,18.49679548849436,-97.93734095305192
MX21170,19.47966387935242,-97.46327170141528
MX21171,18.80631327804945,-97.86667959780634
MX21172,19.81823400461235,-97.7857302928792
MX21173,19.85437140467003,-97.44936321773194
MX21174,19.86382751667262,-97.35857515616476
MX21175,19.00019224698861,-98.4791474739988
MX21176,18.61430615093705,-98.54198909274716
MX21177,18.6556646178505,-97.62887612266972
MX21178,20.3777567160857,-97.99619094283534
MX21179,19.13361033342154,-97.352091361188
MX21180,19.36231389769653,-98.5853205783418
MX21181,19.1564984380691,-98.34284213054212
MX21182,18.85701084322859,-97.885320882125
MX21183,20.16731823944701,-97.90980863099668
MX21184,20.12982971393947,-97.83827684592812
MX21185,18.68997020350088,-98.53619798436432
MX21186,19.84223305102564,-97.49932804603245
MX21187,20.39983124186717,-98.0488715389062
MX21188,18.92249006875868,-98.6122071437116
MX21189,18.82846545130722,-97.82120115440836
MX21190,18.29155367099925,-97.84804557780866
MX21191,17.97510575377357,-98.39756747213416
MX21192,20.10382431325161,-97.53057629660157
MX21193,18.81621448833637,-98.041747333862
MX21194,20.50836556954147,-97.68724742668714
MX21195,18.53037387504236,-97.18207181246912
MX21196,18.27825984400516,-97.94651161967116
MX21197,20.32664253222342,-97.90261032083096
MX21198,18.09564197439723,-98.60058350291058
MX21199,19.7225639101866,-97.35991401952292
MX21200,19.8479610403683,-97.646781898986
MX21201,18.65810647664324,-98.3369630064446
MX21202,19.93889378784983,-97.65361007378108
MX21203,18.6958196368999,-97.77793022821608
MX21204,19.91962895439335,-97.44247392250338
MX21205,18.76752749326647,-97.6781052731699
MX21206,18.58012029334705,-98.0524512208223
MX21207,19.85439975640475,-97.5812676988064
MX21208,19.96495271611174,-97.99902170937364
MX21209,18.27745699977228,-97.52188938562516
MX21210,20.00415085865773,-97.69260928119822
MX21211,19.74726619958926,-97.56857174337904
MX21212,19.71431494514782,-97.6826873699712
MX21213,20.2991112733582,-97.79828396310587
MX21214,18.32744018308156,-97.22247235964286
MX21215,19.97654239543771,-97.7605246302568
MX21216,20.03338817477012,-97.56683487422804
MX21217,18.37713186748114,-96.978654881586
MX22001,20.17496867001369,-100.0986517395437
MX22002,21.14182514088609,-99.59269552620164
MX22003,21.40928789760813,-99.63561966715444
MX22004,20.79149336168003,-99.6570034984719
MX22005,20.7583573446135,-100.1005797818546
MX22006,20.48547201747323,-100.4410771240274
MX22007,20.64931514751067,-99.86670161246144
MX22008,20.40389069906813,-100.3142146253036
MX22009,21.37477708285319,-99.33151888693013
MX22010,21.25776289248625,-99.19181471089558
MX22011,20.72034829174855,-100.2786219660445
MX22012,20.47198444442336,-100.1724169021337
MX22013,21.09771031584559,-99.82996067355094
MX22014,20.72889331218885,-100.4527167009412
MX22015,20.98269434883288,-99.52073765027252
MX22016,20.36896102549145,-100.0003818708804
MX22017,20.55119804989634,-99.95257441882195
MX22018,20.91801841110992,-99.93444589460228
MX23001,20.4448310721527,-86.90852979934918
MX23002,19.66935591383816,-88.06116895994296
MX23003,21.36925261049605,-86.99930586152357
MX23004,18.51146323676755,-88.53358672913795
MX23005,21.01248197371868,-87.0469460101001
MX23006,19.64135829622793,-88.81734773915903
MX23007,21.05799892793305,-87.3991442959415
MX23008,20.58706592420301,-87.39773655112822
MX23009,20.30860163344075,-87.66877570780892
MX23010,18.97579842908808,-88.53132321031845
MX24001,22.45063793998344,-101.2532993932133
MX24002,22.09996754551434,-99.61952553050078
MX24003,21.72380155825289,-99.11199585871482
MX24004,22.26967592672586,-100.6378190036639
MX24005,21.99054931530497,-99.6759955890145
MX24006,23.64565614776623,-101.0565517243454
MX24007,23.93051786884486,-100.6737223420617
MX24008,22.44483736902934,-100.2773121429002
MX24009,22.19248451934689,-100.7777597388613
MX24010,22.43937589720701,-99.71760642442224
MX24011,22.0158365155154,-100.2115885874915
MX24012,21.63168171459069,-98.95970800520716
MX24013,22.1077046919664,-99.0632001534088
MX24014,21.51499415086212,-98.90582582521516
MX24015,23.21933183079135,-101.1213703914603
MX24016,22.20433045748978,-98.514240413717
MX24017,22.86696977974973,-100.3036854651739
MX24018,21.52601675261881,-98.98318473588944
MX24019,21.61497596796882,-99.60950354409286
MX24020,23.51363190743549,-100.5872747355946
MX24021,22.25910425398317,-101.1566745568431
MX24022,22.73341596597805,-101.1710994696852
MX24023,21.82414444309543,-99.61678879127778
MX24024,21.9623032856846,-100.0345242375151
MX24025,22.79849846651985,-101.6290112574097
MX24026,21.62921472377694,-98.84153064643591
MX24027,21.57617816958482,-99.89558363767776
MX24028,22.2709344766611,-100.9608995167351
MX24029,21.39986316324622,-98.6194945551797
MX24030,22.16958019774889,-100.457759169085
MX24031,21.58861773416842,-99.40600946469152
MX24032,21.76807528079912,-100.5541980339843
MX24033,23.3498844698824,-101.6809468735778
MX24034,21.79984040077928,-98.59785144259166
MX24035,22.27169348152361,-100.85511222714
MX24036,21.93341624792324,-99.35612760934144
MX24037,21.24132108577208,-98.78472183377636
MX24038,21.41766917858568,-98.745743458977
MX24039,21.55459688935769,-98.77066424167134
MX24040,22.09385582703176,-98.73533908186576
MX24041,21.72281330867098,-98.82610260996272
MX24042,21.60730490339417,-98.66472618208836
MX24043,21.66427572095948,-100.4974084285432
MX24044,24.11084825556967,-100.9139431249189
MX24045,22.92518077636457,-101.0951406738096
MX24046,21.96869885799305,-101.2731358693675
MX24047,23.21297288150381,-100.7176244343778
MX24048,23.66492992018997,-100.7568672190688
MX24049,22.93255005046554,-101.9163358719081
MX24050,21.85181436986457,-100.9815358841586
MX24051,22.64116753674038,-100.6734222826097
MX24052,22.28930540494853,-100.1973200844358
MX24053,21.42619657493137,-98.86921273466446
MX24054,21.38591803433762,-99.02540750439329
MX24055,22.00821847027549,-100.6767210372659
MX24056,22.6599848543046,-100.8043827181924
MX24057,21.32933780918924,-98.83735274011909
MX24058,22.49028540468813,-99.3660450009028
MX25001,25.91735700422356,-109.1289509967684
MX25002,25.17941120497569,-108.1300540606459
MX25003,25.59164627005222,-107.3959194853094
MX25004,23.41442078381676,-105.99176221413
MX25005,24.48173853986359,-106.7995053548738
MX25006,24.66361462460419,-107.2595408911899
MX25007,26.68071476929877,-108.277132094982
MX25008,24.04383616885836,-106.8408273454808
MX25009,22.72881415698538,-105.6852585588192
MX25010,26.25580344041707,-108.6788762608021
MX25011,25.54222686455379,-108.5368966916899
MX25012,23.47027684933742,-106.305420300426
MX25013,25.36060792482072,-107.7796339922613
MX25014,23.05653166216,-105.8050485296814
MX25015,25.41861116503252,-108.0761047905098
MX25016,23.9551377273589,-106.3698378200988
MX25017,25.96916793574483,-108.1102573462948
MX25018,24.74016109464485,-107.7607159258372
MX26001,29.79623759365823,-110.2223618378885
MX26002,31.10477555443927,-109.1975188290882
MX26003,27.05232641432169,-108.8769359005123
MX26004,31.17676076340907,-111.9250272027043
MX26005,28.87285062255848,-109.0504551749279
MX26006,30.41128089997327,-110.1893694645268
MX26007,30.81607125697476,-111.5449227537188
MX26008,29.84560137377528,-109.0876083102354
MX26009,28.8933469215049,-109.3856704641678
MX26010,30.3104616399537,-108.8198212994314
MX26011,30.66986217526732,-109.9791269047067
MX26012,27.74557434161524,-110.1592281164392
MX26013,30.06105556501563,-110.2732787041309
MX26014,29.62472942271117,-110.119817111844
MX26015,30.61803249865379,-109.0065573977559
MX26016,30.17044799853079,-111.2113838786979
MX26017,30.82689600650223,-112.5393596610387
MX26018,27.79772887242181,-109.8860394687469
MX26019,30.98868731911682,-110.2352800704116
MX26020,29.71977757207449,-111.0723068613415
MX26021,28.72451813601791,-110.3827632845846
MX26022,30.41174632938454,-110.6305586740263
MX26023,30.06762043925848,-109.8099156477529
MX26024,29.61544094789728,-109.3768252271545
MX26025,28.00857587735544,-110.668707346881
MX26026,27.01586713881886,-109.6845978273464
MX26027,30.84883132255079,-109.6479108425147
MX26028,29.76119374559702,-109.3123895738746
MX26029,28.14578138694942,-110.62608718071
MX26030,29.02566855021299,-111.4727818236522
MX26031,30.12325492662027,-108.9154197654425
MX26032,29.97556732110232,-109.3814327083714
MX26033,26.65963124703737,-109.4102082342963
MX26034,29.93033546966878,-110.2452134170717
MX26035,30.84756047405729,-110.7458398167372
MX26036,30.7317315250232,-111.0215880927111
MX26037,28.96015896484405,-110.2096784731664
MX26038,29.72870041876014,-109.7237454139346
MX26039,31.22952623921564,-109.9571926167407
MX26040,29.63569225979191,-108.8519621969775
MX26041,30.4869315195757,-109.4798125801663
MX26042,27.07865041427625,-109.4029099288333
MX26043,31.19875557455807,-111.0025668917571
MX26044,28.45733754596162,-109.4921135824244
MX26045,30.02937034830737,-110.8204225944538
MX26046,30.76188174754758,-111.6553687391098
MX26047,29.95372862029052,-112.0937624192673
MX26048,31.53019179439029,-113.2931658404261
MX26049,27.57923046056041,-109.3648881767863
MX26050,29.75362572133793,-110.5449648553105
MX26051,28.03299235674993,-109.318548895433
MX26052,29.01109411731155,-108.994379918099
MX26053,29.8764401270654,-110.3293609556201
MX26054,28.60961702989602,-109.7587071789608
MX26055,32.01773251894543,-114.3515304670846
MX26056,29.46313611416909,-110.7986004420034
MX26057,29.26605576967524,-109.6712456280595
MX26058,30.45186517198588,-111.0590974650991
MX26059,31.1921342152573,-110.5487860291314
MX26060,31.28151177504172,-111.454089041382
MX26061,28.79009127506484,-109.6118280491404
MX26062,28.39170290746563,-109.886518249945
MX26063,29.4722929249435,-109.5279415880415
MX26064,30.3124570559766,-111.5815226119044
MX26065,30.92173763917496,-111.402934810188
MX26066,29.34255571701196,-110.3292500408281
MX26067,30.23435403851378,-109.3338451734613
MX26068,29.08723148861808,-109.9705976712588
MX26069,28.41995793008865,-108.9652517998888
MX26070,31.7200447865423,-112.9091227279753
MX26071,27.11291711075872,-109.8398550921822
MX26072,27.36051416431638,-110.3425089596938
MX27001,17.80504291159907,-91.31180438188618
MX27002,18.15721685051492,-93.64103551776762
MX27003,18.36413289901182,-92.58188511658268
MX27004,18.00894939048752,-92.861262748522
MX27005,18.28696415646215,-93.33671052033957
MX27006,18.07748376967027,-93.22131687875893
MX27007,17.70527855112636,-91.67582053584071
MX27008,17.82614225265603,-93.70109409080786
MX27009,17.76362622193252,-92.7870185342651
MX27010,18.21333256578838,-93.08387106879368
MX27011,18.07798926027075,-92.14302429876687
MX27012,17.84370659598173,-92.45794152476816
MX27013,18.18780688972428,-92.94865700404289
MX27014,18.37865824485086,-93.21439783114478
MX27015,17.52828026513246,-92.73260637001096
MX27016,17.62335302677545,-92.9523860682739
MX27017,17.42647148684012,-91.29362458468024
MX28001,24.13427743281408,-98.26817537109594
MX28002,23.00996286165588,-98.0409571333829
MX28003,22.54223979089577,-98.0829052081995
MX28004,22.56240614971233,-99.07980461277911
MX28005,24.92866752816473,-98.84648962205944
MX28006,23.32690776699348,-99.87263946888554
MX28007,26.18368783326937,-98.85908847641775
MX28008,23.53986620946061,-98.6165127041517
MX28009,22.28036641561664,-97.829243025493
MX28010,24.62873535929388,-98.44016746222908
MX28011,23.00676248027449,-99.17855089405434
MX28012,22.78675727714772,-98.55450876949332
MX28013,23.88557944569371,-99.08678026862546
MX28014,26.90473116515748,-99.48312071104564
MX28015,26.1363484486756,-98.64125833190712
MX28016,24.19568350233285,-99.38050732091844
MX28017,23.47889384980648,-99.4127270321754
MX28018,24.26245770276193,-98.52025572843304
MX28019,23.27219349895861,-98.85745139418344
MX28020,24.58796985274131,-99.56439769167513
MX28021,22.57201988950117,-98.83327988416777
MX28022,25.66689153182717,-97.53835091262732
MX28023,25.22398143913042,-98.4399277216124
MX28024,26.41516199329859,-99.2569003944909
MX28025,26.23866534456437,-99.0673591242999
MX28026,23.61920779434961,-99.77392134772408
MX28027,27.47590838304436,-99.67387663060862
MX28028,22.50757129705896,-99.20404988479352
MX28029,22.82993410421907,-99.33587672182092
MX28030,24.02271865034094,-98.84615162298807
MX28031,23.27187234089955,-99.5652993741048
MX28032,25.8106264267736,-98.37339134901292
MX28033,25.7448249751891,-98.03785518245328
MX28034,24.47626053950662,-98.97589268642712
MX28035,24.8988100847007,-98.00384100537131
MX28036,24.63202731719275,-98.76968784730458
MX28037,23.76693754907196,-98.0514447441065
MX28038,22.27918669268205,-97.9016621400162
MX28039,22.94013930247033,-99.77627850677916
MX28040,25.70085216402857,-97.8448028119985
MX28041,23.69722652044615,-99.16667275898538
MX28042,24.56073019520687,-99.35998915193387
MX28043,23.00579477548246,-98.93152510756322
MX29001,19.36207201542912,-98.18152485272616
MX29002,19.35150552772837,-98.19468096941006
MX29003,19.54506459191065,-98.18293528651152
MX29004,19.41204036230544,-97.7926617751685
MX29005,19.42326656980913,-98.12725360197786
MX29006,19.56097292364477,-98.5893605891564
MX29007,19.33571240698056,-97.67432490985009
MX29008,19.33219993106375,-97.7659261842268
MX29009,19.34998965069547,-98.0916280619984
MX29010,19.28976223368387,-98.13110756787474
MX29011,19.50609384911089,-98.2334854727
MX29012,19.44446524241394,-98.43685038353404
MX29013,19.33246849881654,-97.93642800783702
MX29014,19.48822777800308,-98.34226969908768
MX29015,19.35612097685729,-98.38330428997496
MX29016,19.25758627588203,-97.911353866059
MX29017,19.19174876567105,-98.16432427029063
MX29018,19.31996167965971,-98.1333963186363
MX29019,19.28196029450156,-98.37922242594844
MX29020,19.53307784049338,-98.45253692046956
MX29021,19.49983152732124,-98.55402354248076
MX29022,19.21687370726059,-98.17051561149424
MX29023,19.23332242541452,-98.3319623553232
MX29024,19.35212650697468,-98.28415252866829
MX29025,19.15612377932096,-98.1403615532584
MX29026,19.35294587202936,-98.1305681374153
MX29027,19.15074889042328,-98.19028451061212
MX29028,19.2228532637717,-98.1162987677898
MX29029,19.24707341193908,-98.22844780639856
MX29030,19.4840028917008,-97.93446764243784
MX29031,19.48225297585183,-98.0763513428812
MX29032,19.23389780522965,-98.2874428830399
MX29033,19.30953746583186,-98.23666065568446
MX29034,19.62014838855395,-98.1770216637276
MX29035,19.38884312339652,-98.01614617245038
MX29036,19.33613675473867,-98.2485593405953
MX29037,19.21168518159599,-97.9267386008646
MX29038,19.38072279051689,-98.08523130772572
MX29039,19.41617316177654,-98.0291529792297
MX29040,19.43021008638595,-98.23956463982998
MX29041,19.17226016324744,-98.19723015446831
MX29042,19.17118711905763,-98.24133782047852
MX29043,19.40224689908399,-98.17791137691114
MX29044,19.19385012875451,-98.26038383019151
MX29045,19.59513160146684,-98.40913675274663
MX29046,19.5637786649384,-97.92596820372694
MX29047,19.53329313038486,-97.9907835308005
MX29048,19.27805743556099,-98.1914076317744
MX29049,19.28618290463754,-98.29850309735284
MX29050,19.25711265042213,-98.08404398430189
MX29051,19.2481487095583,-98.26414284401014
MX29052,19.32361644313912,-98.0493152259548
MX29053,19.2347073131204,-98.25405611037526
MX29054,19.21722100657074,-98.26104808809824
MX29055,19.49125359990272,-98.25556000484238
MX29056,19.29701234143688,-98.33322238123849
MX29057,19.24592657828581,-98.3134478937158
MX29058,19.19342006763392,-98.21641439510326
MX29059,19.21123539744295,-98.2045920847868
MX29060,19.26246438494415,-98.2065795201253
MX30001,19.56472130743488,-97.04423149740336
MX30002,19.69170701215402,-96.84017617681162
MX30003,18.03670173378071,-95.03261430573906
MX30004,19.54614830826743,-96.52891876503833
MX30005,18.55178354265382,-95.8003763467582
MX30006,18.71615943213491,-97.27642244297736
MX30007,19.01088650865656,-96.56902006075693
MX30008,19.09773022814768,-97.13567706749453
MX30009,19.71775081419977,-96.58346812796484
MX30010,19.77630194233401,-97.12730443953564
MX30011,18.80858303580422,-95.8553234151334
MX30012,18.43162458025115,-95.6888479703232
MX30013,21.31317647672793,-97.68538674049076
MX30014,18.85977001581432,-96.87617084426564
MX30015,18.602056107559,-95.39232072830258
MX30016,19.30994077627562,-96.30922594558162
MX30017,19.33823632104289,-96.6700413135641
MX30018,18.78889120022577,-97.32424380049872
MX30019,18.56175723771916,-97.1003401898515
MX30020,18.67911502344058,-97.10792733261609
MX30021,18.92794735616067,-96.79655073322266
MX30022,18.94433282346514,-97.0778942506654
MX30023,19.90816186259048,-97.11574994416864
MX30024,19.28847155417029,-96.82478860578928
MX30025,19.40241423256219,-97.18310558543148
MX30026,19.58678721968734,-96.942940106701
MX30027,20.81926267406639,-98.17863761036676
MX30028,19.11722497773128,-96.12146290621462
MX30029,19.11328396114104,-97.17825623226987
MX30030,18.7904312306304,-97.16339622483028
MX30031,18.81663062654505,-96.58192447724264
MX30032,18.43312385294161,-95.0259245688208
MX30033,20.71430240217772,-97.28618609176569
MX30034,21.18737716328424,-97.7692336260234
MX30035,21.34279249543665,-97.88876015102852
MX30036,19.67621152990624,-96.94979861773744
MX30037,20.26912139686788,-97.70579876928431
MX30038,19.4475620577984,-96.93056013331032
MX30039,18.13218945406291,-94.3915913462119
MX30040,20.42746992461434,-97.5374061008555
MX30041,18.77541367282707,-96.9215198828555
MX30042,19.93352496788019,-96.70517952995012
MX30043,19.13917660118373,-96.685544932971
MX30044,18.93238435689682,-96.93845802159512
MX30045,18.30286923653401,-95.97278339118792
MX30046,19.33145164656603,-96.96713957562945
MX30047,19.05333164165088,-97.0894618228338
MX30048,18.01510774790983,-94.57074747942204
MX30049,18.86271100991123,-96.3661886997626
MX30050,20.21464116971963,-97.55029567097816
MX30051,20.33845533868276,-97.66569585212724
MX30052,18.76755940701484,-96.82091691621132
MX30053,18.77631062561944,-96.65953047108955
MX30054,18.21245024439889,-95.80661745710556
MX30055,21.19659369952896,-98.33702857020477
MX30056,21.25382030139908,-98.46719206663695
MX30057,19.75440854183669,-96.77459452606028
MX30058,21.00331791249813,-98.04062240917044
MX30059,18.05983715062148,-94.70117956150268
MX30060,21.37645813056206,-97.66898368903956
MX30061,17.53576320739411,-93.95676533854989
MX30062,19.0006089882488,-97.03952569886675
MX30063,21.38634629295831,-97.97836323678348
MX30064,20.22281022579991,-97.58506747738534
MX30065,19.44003131750929,-96.73145596442822
MX30066,20.27595601698908,-97.4968262609175
MX30067,20.2052871456663,-97.69908124778055
MX30068,18.90217613173418,-96.9900761175372
MX30069,20.44650446004842,-97.10965722482864
MX30070,17.55327365832452,-94.62021307562068
MX30071,19.13681217281924,-96.93978404853712
MX30072,20.51781279809926,-98.46758288575724
MX30073,18.19713408298221,-95.15481615316304
MX30074,18.81730806567995,-97.13310159294151
MX30075,18.66875113292581,-95.96549187167491
MX30076,20.78130851377471,-98.42646525870984
MX30077,18.08227800501663,-95.5583849132122
MX30078,21.23861582440059,-98.02100230037536
MX30079,19.36558307919507,-97.09227551839712
MX30080,19.03741103425352,-96.93083714507615
MX30081,18.88988868872284,-97.16658742094032
MX30082,17.98541993178963,-94.3944594732462
MX30083,20.72312938993959,-98.00998732397346
MX30084,18.47243712697744,-95.88301229101934
MX30085,18.8505836333257,-97.02901608369724
MX30086,19.76480032882168,-97.29188062323378
MX30087,19.54387587289887,-96.88834266664507
MX30088,19.33953798128121,-96.7558023732078
MX30089,17.87162828237832,-94.71577540679009
MX30090,18.99969434785045,-96.25322867530627
MX30091,17.41825181903609,-94.9048570591919
MX30092,19.44782718235575,-97.05834349447024
MX30093,19.61118945335691,-96.916483673605
MX30094,17.98163455479823,-95.365851788013
MX30095,19.81895472693045,-96.66163815586948
MX30096,19.74402613039252,-96.8538390954164
MX30097,18.65659505570956,-95.50058496370022
MX30098,18.76720793472391,-97.04618520213177
MX30099,18.83653714402854,-97.26566169375214
MX30100,19.10488957172069,-96.33945323679436
MX30101,18.93297634522598,-97.1838545404329
MX30102,20.13360488351354,-97.05104113161988
MX30103,20.20801090812647,-97.65261596252114
MX30104,18.28940097619385,-94.81606999156432
MX30105,18.98829384067825,-96.16193193837913
MX30106,19.72403833720414,-96.8814463607168
MX30107,19.70387146056402,-97.14990132187884
MX30108,17.70846070105174,-94.38876263956286
MX30109,19.96265711165877,-96.88544856001708
MX30110,18.59166654003699,-96.976772472567
MX30111,17.98269345527172,-94.2857426473542
MX30112,19.63328682641641,-96.8409936732031
MX30113,18.79488888693229,-96.9570587277969
MX30114,20.1067108752664,-96.79335491476972
MX30115,18.82536673862653,-97.19899875390162
MX30116,17.90322316579823,-94.8916524469753
MX30117,18.71204142987266,-96.7032105511975
MX30118,18.85586296200436,-97.1048079244492
MX30119,18.16600641649335,-96.03388941477364
MX30120,17.98879827317177,-94.6736239214044
MX30121,21.72439405600655,-97.90183823197304
MX30122,18.20360974660283,-94.67887610298384
MX30123,22.11435348627866,-98.25652185715644
MX30124,20.41104253485913,-97.28637272675309
MX30125,18.94271494261453,-96.66301964116904
MX30126,19.24638751883582,-96.45003861864586
MX30127,18.98971239733336,-97.19235400615752
MX30128,19.52847578807527,-97.27889291952576
MX30129,21.29481074211773,-98.37573843396687
MX30130,17.76705514835028,-95.64518495847685
MX30131,20.53005478788307,-97.43847180287032
MX30132,19.62229087789363,-97.09478012696547
MX30133,22.156857246882,-97.9257464604079
MX30134,19.30136406996052,-96.5656377186384
MX30135,18.80293279929035,-97.09559874546966
MX30136,19.59959175650133,-96.98482623633404
MX30137,18.67398322453468,-97.0434376043314
MX30138,18.84449896357404,-97.1509203048518
MX30139,18.56198276574266,-95.52137285716393
MX30140,18.77226137390749,-97.09302113857385
MX30141,18.46733280692654,-95.22220028819795
MX30142,17.76607410262805,-95.16202555870154
MX30143,18.39936923377224,-95.39981957489276
MX30144,17.72478412958418,-94.94590549984188
MX30145,18.00249531986718,-94.8346441905608
MX30146,19.17320950402944,-96.92231688172456
MX30147,18.70690708804789,-97.18624275623183
MX30148,19.04895435938994,-96.45318293251182
MX30149,18.23704073610882,-94.90080138346956
MX30150,21.49958407736635,-97.67154243139656
MX30151,21.28415743058403,-97.50688030841476
MX30152,21.92954925330679,-97.77673751395
MX30153,21.2629758313296,-97.77894455516449
MX30154,21.42697572007418,-97.7559401087308
MX30155,21.38913929494861,-98.17124499819384
MX30156,19.71157673453303,-97.08418324050665
MX30157,20.73196734356733,-97.66908124973148
MX30158,20.3856084728313,-97.02615375900636
MX30159,18.5298801842874,-97.05242011553077
MX30160,20.97141426754114,-97.7107277691125
MX30161,21.56891307667814,-98.38159040164768
MX30162,19.26029990408454,-96.8409894474713
MX30163,19.8145228190864,-96.93921064229532
MX30164,19.3738048918432,-96.94156980327716
MX30165,19.04498243863602,-96.8532126311361
MX30166,19.66862359799108,-96.77330305544665
MX30167,21.14867668035855,-97.86305795419658
MX30168,18.73680549853434,-97.04434197685951
MX30169,18.11422691667516,-95.7020599188248
MX30170,20.62422703430902,-98.30878009552367
MX30171,18.61899867420431,-97.03205748739116
MX30172,17.78629666717181,-94.79757805692957
MX30173,18.57981972847131,-96.77612731544352
MX30174,18.55011325081841,-96.28769515285438
MX30175,20.66046888725296,-97.53019322804435
MX30176,18.19550292792211,-95.94597773358927
MX30177,19.70188336382448,-97.00467594915624
MX30178,18.53096954618675,-95.62203535120778
MX30179,19.18328775621274,-96.78128463794934
MX30180,20.61159167025818,-98.18533344525268
MX30181,18.75503029253855,-96.16950425270409
MX30182,19.54111527407346,-96.9830360452918
MX30183,20.02359201863783,-97.17442066267216
MX30184,18.60941174007963,-97.10486708266804
MX30185,18.7943991750549,-97.077332840174
MX30186,19.02185720345677,-96.99684711761024
MX30187,19.72353555683964,-96.92140554386675
MX30188,19.22619808128355,-96.89706285445516
MX30189,20.93361121515875,-97.41284753312324
MX30190,18.18746618803419,-95.87995213670494
MX30191,19.43770199775079,-96.38838431935406
MX30192,19.97648686789815,-96.63436806363768
MX30193,19.18561561737655,-96.22220191656406
MX30194,19.65195206895293,-97.202933586387
MX30195,18.63267702563439,-97.16357946234383
MX30196,18.82648138244653,-96.7996398353048
MX30197,19.84817629746663,-96.77341314536773
MX30198,20.49546899458243,-98.34405535817308
MX30199,17.95047872174424,-94.63867570867455
MX30200,19.06717280910473,-96.73383196547373
MX30201,18.64929499507392,-96.92549111859572
MX30202,20.73433490738957,-98.30312225608728
MX30203,20.13394049349291,-97.55857309354128
MX30204,18.08409113937332,-94.16172072621622
MX30205,21.74930289452724,-98.418916324386
MX30206,18.06226498575684,-94.39005203113057
MX30207,18.30312946812418,-96.16827838945298
MX30208,18.32646751585973,-95.71873204163734
MX30209,18.36836781280205,-94.78739803034476
MX30210,17.2769112952977,-94.35586955263496
MX30211,20.21723814409388,-96.91603038874791
MX30212,17.62512106819765,-95.66494685517016
MX31001,20.6552103491268,-89.65038656642376
MX31002,20.82450791927315,-89.44744862522352
MX31003,20.26207114864063,-89.34837730573621
MX31004,21.13447678109607,-89.39940970139858
MX31005,21.00052184813926,-89.17563903553163
MX31006,21.22179797927848,-88.64961538186921
MX31007,20.98026369827975,-89.2512886546248
MX31008,21.01413334523995,-88.12445286699707
MX31009,21.16574678892674,-89.07320394747333
MX31010,20.42535862797795,-89.04935806108374
MX31011,20.88830508602856,-90.27803274460452
MX31012,21.03075785763901,-88.58078020714586
MX31013,21.08211810594223,-89.51377036119293
MX31014,20.62403892798902,-88.34805229376136
MX31015,20.71915792114138,-89.34527822577273
MX31016,20.19372897942167,-89.01827765056414
MX31017,20.4966405942003,-88.56926884710396
MX31018,20.49855485330703,-89.48608788023515
MX31019,20.76039598712959,-87.8244354431562
MX31020,21.1507341702808,-89.52674526567692
MX31021,20.43718255950368,-88.18156088417227
MX31022,20.27392092203709,-88.52658251452985
MX31023,20.73001432648388,-89.84873334078316
MX31024,20.47147772871435,-89.28073180857226
MX31025,20.40216452248568,-89.44465060346853
MX31026,21.25594083421426,-89.34249172333521
MX31027,21.29138983275805,-89.02505560285051
MX31028,21.4327978001147,-88.66833742217224
MX31029,21.33180132372052,-88.7353336232839
MX31030,20.83549987115546,-88.533589174863
MX31031,21.08422645103309,-88.83979346252192
MX31032,21.0212655755892,-88.35708835679125
MX31033,20.56539528244687,-90.21685574815923
MX31034,20.8075361595183,-89.24554052380343
MX31035,20.8760254782688,-89.15922859367137
MX31036,20.68106172652037,-89.2520692398636
MX31037,20.69582345484713,-89.13150935956082
MX31038,21.07015218496858,-89.98445590001391
MX31039,21.23772286428865,-89.47348986494835
MX31040,20.91570182979881,-88.98680605122253
MX31041,20.91854900652271,-89.53692294078228
MX31042,20.75983631439793,-88.98353755436365
MX31043,20.59964298484774,-88.43750642457016
MX31044,20.8517880685114,-90.05087942899118
MX31045,20.64155965950846,-89.89896402277931
MX31046,20.50262155876342,-89.38335558445186
MX31047,20.3839759086125,-89.36898626425752
MX31048,20.62205919914373,-90.06978897509275
MX31049,20.49117074594953,-89.1859034448094
MX31050,20.98423348752295,-89.63953479751478
MX31051,21.13243720138925,-89.45419440084584
MX31052,21.14386662704752,-89.27803258255481
MX31053,20.45332954350203,-89.73824320645713
MX31054,21.05104992419583,-89.3238041832788
MX31055,20.55129285920228,-89.84670969170712
MX31056,20.14724207308931,-89.52252079630193
MX31057,21.35381075741162,-88.30880288906583
MX31058,20.07760509615203,-88.82788419417597
MX31059,21.22910922184357,-89.6643119098429
MX31060,20.84270691566039,-88.63583303060035
MX31061,21.54552015491669,-88.0828345403231
MX31062,20.52879746014664,-89.6190232155086
MX31063,20.84077640866082,-89.91774627485877
MX31064,20.76411818878996,-89.21018671576707
MX31065,21.49239427344079,-88.31610628111575
MX31066,20.26832650706003,-89.72647816778506
MX31067,20.84102255939207,-89.37086061176323
MX31068,21.27041906522892,-89.1986559691142
MX31069,20.60748786210229,-88.98802126181839
MX31070,21.20967753491787,-88.3718415177574
MX31071,20.80486898756281,-88.88923240367912
MX31072,21.10420077785663,-89.1512514245643
MX31073,20.2477915834236,-88.90468630127437
MX31074,20.89468632433263,-89.2856293137254
MX31075,20.37732279360698,-89.221473786568
MX31076,20.66172690254186,-89.45734430350448
MX31077,21.02194156095996,-88.84829086204546
MX31078,21.00616624810183,-89.10192923401141
MX31079,19.9325877019437,-89.30072086656148
MX31080,20.57080269317097,-89.27298320601543
MX31081,20.49306905397388,-88.39579112376514
MX31082,21.21749392124454,-89.25570615004236
MX31083,21.31290549520928,-89.27732437359047
MX31084,21.16706500626949,-88.8735374086267
MX31085,20.89861995549001,-88.06443918173558
MX31086,21.06803965755881,-89.00247382754343
MX31087,20.95620554873775,-90.05808754892833
MX31088,21.0656577376197,-89.06610468920468
MX31089,20.36041639618266,-89.56129512963986
MX31090,20.76616452393257,-89.53563790710342
MX31091,20.72665688455559,-88.50837711917171
MX31092,20.39173853944828,-88.32314366044588
MX31093,20.97875701328,-89.37603995279886
MX31094,20.24684765870017,-89.08694096032804
MX31095,20.96347697863294,-89.46454922428485
MX31096,21.25729462876104,-87.84799344695433
MX31097,20.88627324568509,-88.74680665958863
MX31098,19.93816518584024,-89.04678738286518
MX31099,20.78011433171018,-88.36235747986626
MX31100,21.06298824168417,-89.77989305874848
MX31101,20.85250583762971,-89.7654336021822
MX31102,20.63852892539746,-88.10841861226896
MX31103,20.80520855218717,-89.12382972985804
MX31104,20.4808189163572,-88.7697163376839
MX31105,21.05726205490844,-89.44381948217017
MX31106,21.28819295266785,-89.12039273311215
MX32001,21.47236343236741,-103.0738248446382
MX32002,21.4670302863487,-102.691879609791
MX32003,21.78654454543513,-103.4465704476544
MX32004,21.49565242889053,-103.5818009707204
MX32005,22.95694044173331,-102.7467965876589
MX32006,23.57735684642734,-102.7326096585385
MX32007,24.45360316171053,-101.2413104663425
MX32008,22.44876692655127,-102.3901761009233
MX32009,23.41813984465171,-103.9103851099277
MX32010,23.2370865920525,-102.9958720631959
MX32011,21.21694757930741,-103.5031907785233
MX32012,22.47802898914717,-102.5591856918272
MX32013,23.01551085862881,-102.7878493138265
MX32014,24.13772162459813,-102.8116483665982
MX32015,21.9991056669504,-103.0500735706283
MX32016,22.69022015824837,-102.1199995183514
MX32017,22.78036528059269,-102.4075480987345
MX32018,21.7721013124639,-102.9278797664436
MX32019,21.62372133576611,-102.9982876910797
MX32020,22.72559462181362,-102.9919910563222
MX32021,23.17527535350037,-103.9532995094933
MX32022,24.29436071592465,-103.3031895249323
MX32023,21.37671974140504,-103.1240875327861
MX32024,22.2846065488772,-101.958827602479
MX32025,22.43432052306476,-102.2255663701204
MX32026,24.35307322995661,-101.9232524044648
MX32027,24.91551936182229,-102.0001026096165
MX32028,21.19461105601369,-103.3337498410906
MX32029,24.11745873313713,-103.4883704790617
MX32030,21.93903904160586,-103.2480888710854
MX32031,22.37528732156966,-103.4618243048287
MX32032,22.85247071054232,-102.6728828105263
MX32033,21.19868315616226,-103.164308419485
MX32034,21.41751936193915,-102.8594818747682
MX32035,22.39672072382747,-101.9155559494515
MX32036,22.56845643343248,-102.2164773264404
MX32037,22.99136382293232,-102.4756917063779
MX32038,22.26957979289332,-101.5287364752351
MX32039,23.78306837338981,-103.0319243667509
MX32040,23.56328482737561,-103.2399367858576
MX32041,24.4497195426969,-100.9047090706258
MX32042,23.64086809989237,-103.6147573150686
MX32043,22.63130711223316,-103.1939824574287
MX32044,21.93437910388421,-102.9331075288366
MX32045,21.62448433391712,-103.3567327848363
MX32046,22.44418017488206,-103.136847094779
MX32047,21.36376390713448,-103.4532077640534
MX32048,21.78483882428172,-103.2271884620946
MX32049,22.77942771708969,-103.7526569930356
MX32050,22.84807563987307,-102.4826274537054
MX32051,23.60534096827429,-102.1763053757584
MX32052,22.12968640445733,-101.8923679157195
MX32053,22.55189754534052,-101.9537301019431
MX32054,22.40738924659532,-101.7143160307983
MX32055,22.29850786785696,-102.8514788629791
MX32056,22.73576618469978,-102.6780848436819
MX32057,22.75564448650652,-102.3120004053086
MX32058,21.5225553839126,-103.3439082348642
US06019, 36.7610058, -119.6550193
US06031, 36.072478, -119.8155301
US06109, 38.0214344, -119.9647335
US06077, 37.9349815, -121.272244
US06111, 34.3587477, -119.1331453
US06073, 33.0236041, -116.7761174
US06065, 33.7298275, -116.0022389
US06079, 35.3881891, -120.4488974
US06071, 34.8566615, -116.1815707
US06083, 34.5366774, -120.0383645
US06047, 37.1948063, -120.7228019
US06043, 37.5743432, -119.9117215
US06037, 34.1963983, -118.2618616
US06067, 38.4501363, -121.3443291
US06059, 33.6756872, -117.7772068
US06027, 36.5621604, -117.4042092
US06107, 36.2288339, -118.7810551
US06061, 39.0620323, -120.7227181
US06039, 37.2098213, -119.7498023
MX07122, 16.3374, -92.9744
MX04013, 20.3198, -90.0568
